,file_number,word,frequency
0,21_18514,verlängerung,44
1,21_18514,grundstücke,41
2,21_18514,entwicklung,38
3,21_18514,wohnungsbau,37
4,21_18514,wohnungen,35
5,21_18514,bzw,32
6,21_18514,wohnraum,29
7,21_18514,städtischen,28
8,21_18514,insbesondere,28
9,21_18514,erbbaurechten,27
10,21_18514,geförderten,25
11,21_18514,städtische,23
12,21_18514,grundstücken,23
13,21_18514,dabei,22
14,21_18514,erbbaurecht,21
15,21_18514,innerhalb,21
16,21_18514,ziel,21
17,21_18514,je,20
18,21_18514,erbbauzins,20
19,21_18514,mehr,20
20,22_2227,objekt,10
21,22_2227,mio,10
22,22_2227,harburger,9
23,22_2227,irrgarten,9
24,22_2227,harburg,9
25,22_2227,gmbh,8
26,22_2227,immowertv,8
27,22_2227,ivfl,7
28,22_2227,kg,7
29,22_2227,sprig,6
30,22_2227,höhe,5
31,22_2227,verkehrswert,5
32,22_2227,immobilien,5
33,22_2227,städtischen,4
34,22_2227,bzw,4
35,22_2227,wege,4
36,22_2227,erfolgt,4
37,22_2227,käufer,4
38,22_2227,rathausforum,4
39,22_2227,ca,4
40,22_3490,hamburgnord,22
41,22_3490,hamburgmitte,19
42,22_3490,altona,17
43,22_3490,ausübung,12
44,22_3490,städtebaulichen,11
45,22_3490,vorkaufsrechts,9
46,22_3490,eimsbüttel,8
47,22_3490,st,8
48,22_3490,erhaltungsverordnungen,8
49,22_3490,vorkaufsrechte,8
50,22_3490,vorkaufsrecht,8
51,22_3490,gebiet,8
52,22_3490,gebiete,8
53,22_3490,kraft,7
54,22_3490,elbchaussee,7
55,22_3490,wandsbek,7
56,22_3490,harburg,7
57,22_3490,vorkaufsrechtes,6
58,22_3490,städtebauliche,6
59,22_3490,ausgeübt,6
60,22_3583,aachener,0
61,22_3583,postnutzung,0
62,22_3583,portal,0
63,22_3583,port,0
64,22_3583,populär,0
65,22_3583,populationen,0
66,22_3583,poppenhusenstr,0
67,22_3583,poppenbüttler,0
68,22_3583,poppenbütteler,0
69,22_3583,poppenbüttel,0
70,22_3583,poolstraße,0
71,22_3583,pools,0
72,22_3583,pool,0
73,22_3583,polyzyklische,0
74,22_3583,pollhorner,0
75,22_3583,polizisten,0
76,22_3583,polizeivollzugsbeamtinnen,0
77,22_3583,polizeivollzugsbeamten,0
78,22_3583,polizeisenators,0
79,22_3583,polizeisenator,0
80,22_4805,altona,37
81,22_4805,ausübung,19
82,22_4805,fällen,15
83,22_4805,vielen,11
84,22_4805,objekte,11
85,22_4805,ottensen,11
86,22_4805,erhaltungsverordnung,10
87,22_4805,angekauften,10
88,22_4805,vorkaufsrechts,9
89,22_4805,vorkaufsrecht,8
90,22_4805,sozialer,7
91,22_4805,eimsbüttel,6
92,22_4805,gesamt,6
93,22_4805,sozerhvo,6
94,22_4805,gebieten,5
95,22_4805,sozialen,5
96,22_4805,sternschanze,5
97,22_4805,vorkaufsrechte,5
98,22_4805,nordwest,5
99,22_4805,verwaltung,4
100,22_4917,senatsvertreterinnen,25
101,22_4917,htv,23
102,22_4917,nr,22
103,22_4917,hätten,21
104,22_4917,ausschuss,20
105,22_4917,verbraucherschutz,20
106,22_4917,justiz,20
107,22_4917,tierheims,19
108,22_4917,tiere,19
109,22_4917,abg,17
110,22_4917,tierheim,16
111,22_4917,juni,16
112,22_4917,könne,15
113,22_4917,sodass,13
114,22_4917,mehr,13
115,22_4917,weshalb,12
116,22_4917,weitere,12
117,22_4917,jedoch,11
118,22_4917,abgeordneten,10
119,22_4917,abs,10
120,22_5190,beispiel,9
121,22_5190,wohnungsbau,8
122,22_5190,überbauung,5
123,22_5190,büro,5
124,22_5190,potenziale,4
125,22_5190,aktuell,3
126,22_5190,verwaltungsgebäuden,3
127,22_5190,neubau,3
128,22_5190,potenzial,3
129,22_5190,flächenpotenziale,3
130,22_5190,grundsätzlich,3
131,22_5190,sprinkenhof,2
132,22_5190,sieht,2
133,22_5190,umzug,2
134,22_5190,schon,2
135,22_5190,wohnbebauung,2
136,22_5190,verwaltungsgebäude,2
137,22_5190,wohnraum,2
138,22_5190,ehemalige,2
139,22_5190,gmbh,2
140,22_5213,einzelplan,27
141,22_5213,straße,25
142,22_5213,tennesportplatzumwandlung,19
143,22_5213,einrichtungen,12
144,22_5213,active,10
145,22_5213,sportanlagen,10
146,22_5213,kommunaler,9
147,22_5213,sportanlage,9
148,22_5213,sport,9
149,22_5213,str,8
150,22_5213,förderung,8
151,22_5213,aufschlüsseln,8
152,22_5213,millionen,7
153,22_5213,bäderlandim,7
154,22_5213,art,7
155,22_5213,damm,7
156,22_5213,maßnahme,7
157,22_5213,sportstätten,6
158,22_5213,city,6
159,22_5213,bezirk,6
160,22_5229,bramfeld,11
161,22_5229,kundenzentrum,7
162,22_5229,räumlichkeiten,7
163,22_5229,genutzt,7
164,22_5229,feuerwehr,6
165,22_5229,räume,5
166,22_5229,schulungen,4
167,22_5229,seniorentreffs,4
168,22_5229,beispielsweise,3
169,22_5229,nutzer,3
170,22_5229,option,3
171,22_5229,sicht,3
172,22_5229,mietvertrag,3
173,22_5229,mietvertrages,3
174,22_5229,hdj,3
175,22_5229,dienst,3
176,22_5229,kleine,2
177,22_5229,freiwilligen,2
178,22_5229,freiwillige,2
179,22_5229,träger,2
180,22_5246,bevölkerungsschutz,11
181,22_5246,sirenen,8
182,22_5246,übungen,8
183,22_5246,katastrophen,7
184,22_5246,zkd,4
185,22_5246,szenarien,4
186,22_5246,bundes,4
187,22_5246,zuständige,4
188,22_5246,katastrophenschutz,4
189,22_5246,bevölkerung,4
190,22_5246,feuerwehr,3
191,22_5246,beteiligung,3
192,22_5246,geführt,3
193,22_5246,programm,3
194,22_5246,erfolgt,3
195,22_5246,eingesetzt,3
196,22_5246,hierfür,3
197,22_5246,inneres,3
198,22_5246,regelmäßig,3
199,22_5246,organisationen,3
200,22_5267,frauen,73
201,22_5267,gremien,57
202,22_5267,hmbgrembg,56
203,22_5267,juli,39
204,22_5267,besetzung,35
205,22_5267,mitglieder,32
206,22_5267,männern,31
207,22_5267,sitze,29
208,22_5267,vorgaben,26
209,22_5267,besetzt,25
210,22_5267,beschluss,22
211,22_5267,beteiligungen,21
212,22_5267,stichtag,20
213,22_5267,männer,19
214,22_5267,hamburgischen,19
215,22_5267,gem,18
216,22_5267,stiftung,17
217,22_5267,entwicklung,17
218,22_5267,verteilung,17
219,22_5267,kollegialen,17
220,22_5350,darzulegen,5
221,22_5350,überflutungen,4
222,22_5350,bevölkerung,4
223,22_5350,klimawandels,3
224,22_5350,lösungen,3
225,22_5350,zweiten,3
226,22_5350,hochwasserschutz,3
227,22_5350,schutz,3
228,22_5350,folgen,3
229,22_5350,extremwetterereignissen,3
230,22_5350,gemeinsam,3
231,22_5350,bürgerinnen,3
232,22_5350,sensibilisieren,3
233,22_5350,hilfe,3
234,22_5350,katastrophenfall,3
235,22_5350,bereich,2
236,22_5350,daher,2
237,22_5350,ausgesetzt,2
238,22_5350,verfügung,2
239,22_5350,hitzewellen,2
240,22_5374,erbbaurechtssiedlung,7
241,22_5374,tonndorf,6
242,22_5374,einleitung,3
243,22_5374,erbbaurechtsgrundstücke,3
244,22_5374,erbbaurechtsnehmer,3
245,22_5374,insbesondere,2
246,22_5374,einzelfall,2
247,22_5374,bauliche,2
248,22_5374,stichstraße,2
249,22_5374,bebauungsplanverfahrens,2
250,22_5374,mögliche,2
251,22_5374,daher,2
252,22_5374,dürfen,2
253,22_5374,grundstücksbesitzer,2
254,22_5374,folgt,1
255,22_5374,veräußern,1
256,22_5374,erhalten,1
257,22_5374,informiert,1
258,22_5374,verfahrens,1
259,22_5374,vorbemerkung,1
260,22_5381,wahlkreis,61
261,22_5381,angeben,50
262,22_5381,vergleich,38
263,22_5381,personen,35
264,22_5381,rahlstedt,34
265,22_5381,quelle,33
266,22_5381,entwicklung,25
267,22_5381,okt,23
268,22_5381,nov,23
269,22_5381,dez,21
270,22_5381,aug,21
271,22_5381,sep,21
272,22_5381,jul,21
273,22_5381,prozentualer,20
274,22_5381,davon,19
275,22_5381,zahl,17
276,22_5381,xwie,16
277,22_5381,ea,16
278,22_5381,sgb,16
279,22_5381,zahlen,14
280,22_5385,münzviertel,16
281,22_5385,gmbh,14
282,22_5385,viva,14
283,22_5385,grundstücks,9
284,22_5385,agua,9
285,22_5385,con,9
286,22_5385,konzeptausschreibung,7
287,22_5385,hamburgmitte,7
288,22_5385,vorbemerkung,7
289,22_5385,schultzweg,6
290,22_5385,vergabe,6
291,22_5385,amsinckstraße,6
292,22_5385,insbesondere,5
293,22_5385,verkauft,5
294,22_5385,haus,5
295,22_5385,quadratmeter,5
296,22_5385,münzviertels,5
297,22_5385,städtischen,5
298,22_5385,firma,5
299,22_5385,ehemaligen,5
300,22_5404,fabriciusstieg,6
301,22_5404,bebauung,3
302,22_5404,drei,2
303,22_5404,bramfeld,2
304,22_5404,neben,2
305,22_5404,geplant,2
306,22_5404,späteren,2
307,22_5404,mehrfamilienhaus,2
308,22_5404,unbebaute,2
309,22_5404,wohneinheiten,2
310,22_5404,breite,1
311,22_5404,breit,1
312,22_5404,ausgeschrieben,1
313,22_5404,bebauungsplan,1
314,22_5404,befindet,1
315,22_5404,genehmigt,1
316,22_5404,gemäß,1
317,22_5404,sandro,1
318,22_5404,verwaltet,1
319,22_5404,verkauft,1
320,22_5409,sirenen,5
321,22_5409,warnung,4
322,22_5409,ab,3
323,22_5409,sirenenstandorte,3
324,22_5409,anlagen,3
325,22_5409,beispiel,3
326,22_5409,erkenntnisse,2
327,22_5409,zuge,2
328,22_5409,dabei,2
329,22_5409,bund,2
330,22_5409,bevölkerung,2
331,22_5409,warntag,2
332,22_5409,gemeinsam,1
333,22_5409,zugeordnet,1
334,22_5409,ordnungsgemäß,1
335,22_5409,kontinuierlich,1
336,22_5409,notfall,1
337,22_5409,bundesweiten,1
338,22_5409,bevor,1
339,22_5409,erreicht,1
340,22_5414,fvanlagen,7
341,22_5414,immobilien,7
342,22_5414,energie,6
343,22_5414,stadteigenen,6
344,22_5414,dachflächen,5
345,22_5414,gmbh,5
346,22_5414,solar,4
347,22_5414,geprüft,4
348,22_5414,vielen,3
349,22_5414,installierung,2
350,22_5414,gebäudeeinheiten,2
351,22_5414,fotovoltaikanlagen,2
352,22_5414,begonnen,2
353,22_5414,cdu,2
354,22_5414,müssen,2
355,22_5414,festgestellt,2
356,22_5414,ausgeschrieben,2
357,22_5414,einleitung,2
358,22_5414,finanzsenator,2
359,22_5414,ergebnis,2
360,22_5415,barmbek,4
361,22_5415,ff,3
362,22_5415,neben,2
363,22_5415,fabriciusstraße,2
364,22_5415,hintergrund,2
365,22_5415,dlrg,2
366,22_5415,angedacht,2
367,22_5415,durchgeführt,1
368,22_5415,hohen,1
369,22_5415,überlegungen,1
370,22_5415,ffw,1
371,22_5415,erneut,1
372,22_5415,aufweist,1
373,22_5415,seitens,1
374,22_5415,anwohner,1
375,22_5415,gmbh,1
376,22_5415,aufwertung,1
377,22_5415,ratten,1
378,22_5415,rattenbekämpfung,1
379,22_5415,bodendecker,1
380,22_5428,stintfang,10
381,22_5428,hafentor,10
382,22_5428,zeughausstraße,7
383,22_5428,belange,6
384,22_5428,städtebaulichen,6
385,22_5428,neubau,6
386,22_5428,unternommen,5
387,22_5428,stintfangs,5
388,22_5428,bebauungsplan,5
389,22_5428,neustadt,5
390,22_5428,alten,5
391,22_5428,erhaltungsverordnung,5
392,22_5428,bastion,5
393,22_5428,hamburgs,4
394,22_5428,denkmalschutz,4
395,22_5428,albertus,4
396,22_5428,rechnen,4
397,22_5428,wallanlagen,4
398,22_5428,freie,4
399,22_5428,erkenntnisse,3
400,22_5435,itprojekte,10
401,22_5435,aktuell,9
402,22_5435,itd,7
403,22_5435,angebote,6
404,22_5435,stellen,6
405,22_5435,abgeschlossen,6
406,22_5435,itprojekten,6
407,22_5435,umsetzung,5
408,22_5435,serviceportal,5
409,22_5435,externe,5
410,22_5435,planung,5
411,22_5435,aufrufe,5
412,22_5435,privatpersonen,5
413,22_5435,anlage,5
414,22_5435,vv,5
415,22_5435,stand,5
416,22_5435,amt,5
417,22_5435,verwaltungsvorschriften,4
418,22_5435,version,4
419,22_5435,projekt,4
420,22_5448,grundsteuer,9
421,22_5448,bauland,4
422,22_5448,hebesatz,3
423,22_5448,deutlich,2
424,22_5448,zahlreiche,2
425,22_5448,grundstücke,2
426,22_5448,einführen,2
427,22_5448,grundsteuerreform,2
428,22_5448,aktiviert,2
429,22_5448,grundsteuergesetzes,2
430,22_5448,mehr,2
431,22_5448,führen,1
432,22_5448,klar,1
433,22_5448,grundstückskatasters,1
434,22_5448,absatz,1
435,22_5448,dienstes,1
436,22_5448,auseinandersetzungen,1
437,22_5448,zielsetzung,1
438,22_5448,finanzschwache,1
439,22_5448,schwierigen,1
440,22_5452,warnsysteme,5
441,22_5452,warnung,5
442,22_5452,bevölkerung,4
443,22_5452,entsprechende,4
444,22_5452,digitalen,4
445,22_5452,darzulegen,4
446,22_5452,infrastruktur,4
447,22_5452,auszubauen,3
448,22_5452,digitale,3
449,22_5452,analoge,3
450,22_5452,versiegelten,3
451,22_5452,folgen,3
452,22_5452,rettungskräfte,3
453,22_5452,technisch,3
454,22_5452,verbessern,3
455,22_5452,erweitern,2
456,22_5452,antrag,2
457,22_5452,sms,2
458,22_5452,ausstattung,2
459,22_5452,cellbroadcasting,2
460,22_5460,absatz,74
461,22_5460,satz,53
462,22_5460,grund,39
463,22_5460,grundsteuer,22
464,22_5460,nummer,20
465,22_5460,äquivalenzzahl,19
466,22_5460,boden,19
467,22_5460,bodens,19
468,22_5460,gilt,18
469,22_5460,grundsteuermessbetrag,15
470,22_5460,gebäudeflächen,14
471,22_5460,absätze,14
472,22_5460,wohnfläche,14
473,22_5460,quadratmeter,13
474,22_5460,fassung,13
475,22_5460,einheit,12
476,22_5460,äquivalenzbetrag,12
477,22_5460,grundsteuermesszahl,12
478,22_5460,wohnraumförderungsgesetz,12
479,22_5460,bewertungsgesetz,12
480,22_5470,nn,5
481,22_5470,sturmflut,5
482,22_5470,aktuellen,4
483,22_5470,beispielsweise,3
484,22_5470,wasserstände,3
485,22_5470,gegebenenfalls,3
486,22_5470,sicherzustellen,2
487,22_5470,gefahr,2
488,22_5470,analog,2
489,22_5470,hohe,2
490,22_5470,sturmfluten,2
491,22_5470,naturkatastrophe,2
492,22_5470,ebenfalls,2
493,22_5470,durchzuführen,2
494,22_5470,februar,2
495,22_5470,klimawandel,2
496,22_5470,zwanzig,2
497,22_5470,niedersachsen,2
498,22_5470,informationsquellen,2
499,22_5470,stand,2
500,22_5505,immobilien,9
501,22_5505,erbracht,8
502,22_5505,dichtheitsnachweise,7
503,22_5505,dichtheitsnachweis,4
504,22_5505,stadteigenen,4
505,22_5505,hamburgischen,4
506,22_5505,angaben,4
507,22_5505,gmbh,3
508,22_5505,abwassergesetzes,3
509,22_5505,abwasser,3
510,22_5505,circa,3
511,22_5505,zuständigen,3
512,22_5505,entwässerungsanlagen,3
513,22_5505,bisher,2
514,22_5505,erfolgen,2
515,22_5505,hinaus,2
516,22_5505,zeit,2
517,22_5505,verfügung,2
518,22_5505,vorzulegen,2
519,22_5505,darüber,2
520,22_5516,umfrage,6
521,22_5516,haushalte,5
522,22_5516,wohngebäude,5
523,22_5516,erhebung,5
524,22_5516,eigentümer,5
525,22_5516,onlinebefragung,5
526,22_5516,befragung,5
527,22_5516,insgesamt,4
528,22_5516,eigentümerinnen,4
529,22_5516,vorbemerkung,3
530,22_5516,altersgruppe,3
531,22_5516,wohnimmobilien,3
532,22_5516,angeschriebenen,3
533,22_5516,repräsentative,3
534,22_5516,ergebnisse,3
535,22_5516,angeschrieben,3
536,22_5516,teilzunehmen,3
537,22_5516,gebeten,2
538,22_5516,verwalter,2
539,22_5516,mittlerweile,2
540,22_5520,freiluftschule,7
541,22_5520,wohldorf,7
542,22_5520,sondervermögen,5
543,22_5520,schulimmobilien,4
544,22_5520,bredenbekstraße,4
545,22_5520,einzelnen,4
546,22_5520,planung,3
547,22_5520,abgeschlossen,3
548,22_5520,planungen,3
549,22_5520,juli,3
550,22_5520,zusammenhang,3
551,22_5520,sbh,3
552,22_5520,mietvertrag,2
553,22_5520,überlegungen,2
554,22_5520,schulbehörde,2
555,22_5520,stand,2
556,22_5520,direkt,2
557,22_5520,umsetzung,2
558,22_5520,einleitung,2
559,22_5520,ausgeführt,2
560,22_5589,katastrophenschutz,48
561,22_5589,übungen,23
562,22_5589,feuerwehr,23
563,22_5589,stellen,21
564,22_5589,katastrophenschutzbehörden,19
565,22_5589,vollübung,19
566,22_5589,planungen,18
567,22_5589,richtlinie,18
568,22_5589,katastrophenschutzes,17
569,22_5589,besondere,15
570,22_5589,polizei,15
571,22_5589,beteiligten,15
572,22_5589,aufgaben,14
573,22_5589,bevölkerung,14
574,22_5589,insbesondere,12
575,22_5589,sinne,11
576,22_5589,zudem,10
577,22_5589,darüber,10
578,22_5589,stabsrahmenübung,10
579,22_5589,bereich,10
580,22_5595,möge,7
581,22_5595,wilhelmsburg,7
582,22_5595,millionen,4
583,22_5595,höhe,4
584,22_5595,mittel,4
585,22_5595,dafür,4
586,22_5595,dauerausstellung,4
587,22_5595,verfügung,3
588,22_5595,museum,3
589,22_5595,tragen,3
590,22_5595,sorge,3
591,22_5595,könig,3
592,22_5595,elbinsel,3
593,22_5595,denkmäler,2
594,22_5595,hinweist,2
595,22_5595,findling,2
596,22_5595,inschrift,2
597,22_5595,bedeutung,2
598,22_5595,denkmälern,2
599,22_5595,ersten,2
600,22_5619,versiegelungsgrad,3
601,22_5619,ziel,2
602,22_5619,lassen,2
603,22_5619,versiegelungskarte,2
604,22_5619,versiegelung,2
605,22_5619,beschließen,1
606,22_5619,hohe,1
607,22_5619,graage,1
608,22_5619,abgeordneten,1
609,22_5619,verursachen,1
610,22_5619,erreichen,1
611,22_5619,veröffentlichen,1
612,22_5619,versickern,1
613,22_5619,fraktion,1
614,22_5619,niedmers,1
615,22_5619,boden,1
616,22_5619,versiegelte,1
617,22_5619,starkregenereignisse,1
618,22_5619,verlangsamen,1
619,22_5619,südwesten,1
620,22_5640,bundeswehr,3
621,22_5640,hierbei,3
622,22_5640,soldaten,3
623,22_5640,stiften,2
624,22_5640,streitkräfte,2
625,22_5640,marco,2
626,22_5640,kräfte,2
627,22_5640,damals,2
628,22_5640,uniformierte,2
629,22_5640,helfer,2
630,22_5640,dankmedaille,2
631,22_5640,antrag,2
632,22_5640,mittels,2
633,22_5640,option,2
634,22_5640,daher,2
635,22_5640,coronakrise,2
636,22_5640,abgeordneten,2
637,22_5640,schulz,2
638,22_5640,orden,2
639,22_5640,überlegungen,2
640,22_5650,centro,18
641,22_5650,sociale,16
642,22_5650,jugend,5
643,22_5650,steg,5
644,22_5650,mietvertrag,5
645,22_5650,angeboten,4
646,22_5650,vorschriften,4
647,22_5650,laufzeit,4
648,22_5650,st,4
649,22_5650,hinaus,4
650,22_5650,projekte,4
651,22_5650,darüber,4
652,22_5650,hamburgmitte,4
653,22_5650,einrichtungen,4
654,22_5650,miethöhe,3
655,22_5650,mietpreis,3
656,22_5650,treuhänderin,3
657,22_5650,vergleichsmieten,3
658,22_5650,mietverhältnis,3
659,22_5650,sozialgenossenschaft,3
660,22_5653,deich,18
661,22_5653,nincoper,16
662,22_5653,marschkamper,13
663,22_5653,straße,8
664,22_5653,stade,6
665,22_5653,neuenfelder,6
666,22_5653,kmh,5
667,22_5653,straßen,5
668,22_5653,fährdeich,4
669,22_5653,höchstgeschwindigkeit,4
670,22_5653,lk,4
671,22_5653,neuenfelde,4
672,22_5653,beschränkt,4
673,22_5653,zulässige,4
674,22_5653,sv,4
675,22_5653,verkehr,3
676,22_5653,kfz,3
677,22_5653,stunden,3
678,22_5653,genannten,3
679,22_5653,umleitung,3
680,22_5654,machbarkeitsstudie,13
681,22_5654,weiteren,10
682,22_5654,entwicklung,9
683,22_5654,wohnungsbau,8
684,22_5654,erforderlich,8
685,22_5654,gemeinde,7
686,22_5654,ev,7
687,22_5654,denkmals,7
688,22_5654,durchgeführt,7
689,22_5654,ergebnisse,7
690,22_5654,vorgesehen,7
691,22_5654,vorschriften,6
692,22_5654,hbauo,6
693,22_5654,vorbemerkung,6
694,22_5654,planung,6
695,22_5654,untersuchungen,6
696,22_5654,wege,6
697,22_5654,weitere,5
698,22_5654,sinne,5
699,22_5654,dienen,5
700,22_5660,we,28
701,22_5660,gesamt,26
702,22_5660,bündnis,22
703,22_5660,wohneinheiten,22
704,22_5660,bezirk,20
705,22_5660,geförderte,17
706,22_5660,vordringlich,16
707,22_5660,konzeptausschreibungen,14
708,22_5660,vereinbart,13
709,22_5660,tabelle,13
710,22_5660,wandsbek,12
711,22_5660,hamburgmitte,12
712,22_5660,hamburgnord,12
713,22_5660,altona,12
714,22_5660,legislaturperiode,12
715,22_5660,haushalte,12
716,22_5660,eimsbüttel,12
717,22_5660,harburg,11
718,22_5660,bergedorf,11
719,22_5660,wohnungen,10
720,22_5687,mittel,11
721,22_5687,energie,11
722,22_5687,tsd,10
723,22_5687,senatsvertreterinnen,10
724,22_5687,klima,9
725,22_5687,umwelt,9
726,22_5687,ebenfalls,7
727,22_5687,tunneltal,7
728,22_5687,zuwendungen,7
729,22_5687,naturschutz,7
730,22_5687,benötigt,7
731,22_5687,bereich,6
732,22_5687,dennoch,6
733,22_5687,entschlammung,6
734,22_5687,gebe,6
735,22_5687,haushaltsausschuss,6
736,22_5687,stellmoorer,5
737,22_5687,naturschutzgebiet,5
738,22_5687,programme,5
739,22_5687,bedarfe,5
740,22_5693,hektar,6
741,22_5693,angaben,6
742,22_5693,anteil,6
743,22_5693,rund,5
744,22_5693,grundvermögen,5
745,22_5693,bodenpolitik,5
746,22_5693,erworben,5
747,22_5693,größe,4
748,22_5693,pressekonferenz,4
749,22_5693,rd,4
750,22_5693,dezember,4
751,22_5693,stichtag,4
752,22_5693,dabei,4
753,22_5693,ha,4
754,22_5693,geschäftsbericht,3
755,22_5693,einzelnen,3
756,22_5693,ankäufe,3
757,22_5693,finanzbehörde,3
758,22_5693,entwicklung,3
759,22_5693,immobilienstrategie,3
760,22_5718,erhaltungsverordnung,21
761,22_5718,sozialen,19
762,22_5718,absatz,13
763,22_5718,pauli,10
764,22_5718,st,10
765,22_5718,satz,9
766,22_5718,käuferin,9
767,22_5718,juli,7
768,22_5718,hamburgmitte,7
769,22_5718,gebiet,7
770,22_5718,otzenstraße,7
771,22_5718,vorkaufsrechts,6
772,22_5718,fall,6
773,22_5718,wohneinheiten,5
774,22_5718,mietwohnungen,5
775,22_5718,nummer,5
776,22_5718,gesetzlichen,5
777,22_5718,beispiel,5
778,22_5718,mieterinnen,4
779,22_5718,hausgemeinschaft,4
780,22_5724,htv,20
781,22_5724,tierheim,12
782,22_5724,süderstraße,11
783,22_5724,tierschutzverein,8
784,22_5724,erweiterung,6
785,22_5724,ev,6
786,22_5724,tierheims,6
787,22_5724,hamburgmitte,6
788,22_5724,hunde,6
789,22_5724,vorbemerkung,6
790,22_5724,bezirksamtes,5
791,22_5724,dezember,5
792,22_5724,übrigen,5
793,22_5724,tiere,5
794,22_5724,zuständige,4
795,22_5724,mittel,4
796,22_5724,vertrag,4
797,22_5724,kapazitäten,4
798,22_5724,zuwendung,4
799,22_5724,erweiterungsflächen,3
800,22_5739,rechnungshofs,234
801,22_5739,vertreterinnen,160
802,22_5739,hätten,101
803,22_5739,rechnungshof,96
804,22_5739,finanzbehörde,63
805,22_5739,prüfung,61
806,22_5739,könne,58
807,22_5739,einstimmig,52
808,22_5739,senatsvertreterinnen,50
809,22_5739,jedoch,47
810,22_5739,beitreten,44
811,22_5739,gebe,42
812,22_5739,könnten,40
813,22_5739,mio,36
814,22_5739,zudem,35
815,22_5739,festgestellt,35
816,22_5739,tzn,35
817,22_5739,haushalts,35
818,22_5739,verfahren,35
819,22_5739,cduabgeordnete,35
820,22_5799,abgeschlossenheitsbescheinigungen,18
821,22_5799,mieterinnen,11
822,22_5799,abgeschlossenheitsbescheinigung,6
823,22_5799,wohnungseigentumsgesetz,6
824,22_5799,bescheinigungen,5
825,22_5799,verwaltungsvorschrift,5
826,22_5799,sozialen,4
827,22_5799,absatz,4
828,22_5799,umwandlungen,4
829,22_5799,daten,4
830,22_5799,ausstellung,4
831,22_5799,betroffenen,3
832,22_5799,wohnungen,3
833,22_5799,daher,3
834,22_5799,möglich,3
835,22_5799,bescheinigung,3
836,22_5799,information,3
837,22_5799,verfahren,3
838,22_5799,gebieten,3
839,22_5799,rechtlichen,3
840,22_5804,immobilien,14
841,22_5804,beauftragt,10
842,22_5804,überprüfung,10
843,22_5804,geprüft,8
844,22_5804,stadteigenen,6
845,22_5804,rund,6
846,22_5804,bisher,6
847,22_5804,angaben,5
848,22_5804,erbracht,5
849,22_5804,gemacht,3
850,22_5804,restlichen,2
851,22_5804,gemäß,2
852,22_5804,dichtheitsnachweise,2
853,22_5804,einleitung,2
854,22_5804,dichtheitsnachweis,2
855,22_5804,hamburgischen,2
856,22_5804,abwassergesetzes,2
857,22_5804,nachweis,2
858,22_5804,parlamentarischen,2
859,22_5804,mehr,1
860,22_5809,hie,35
861,22_5809,invest,25
862,22_5809,hektar,17
863,22_5809,ha,14
864,22_5809,insgesamt,11
865,22_5809,aktuell,10
866,22_5809,rund,9
867,22_5809,hiw,9
868,22_5809,branchen,8
869,22_5809,circa,8
870,22_5809,bisher,7
871,22_5809,erbbaurecht,7
872,22_5809,vermarktung,7
873,22_5809,millionen,7
874,22_5809,verfügung,7
875,22_5809,mbh,7
876,22_5809,erfolgreich,6
877,22_5809,stehen,6
878,22_5809,arbeitsplätzen,6
879,22_5809,tabelle,6
880,22_5831,rübezahl,4
881,22_5831,bauspielplatzes,4
882,22_5831,barmbeker,4
883,22_5831,bauspielplatz,4
884,22_5831,neubau,4
885,22_5831,gleisbogens,3
886,22_5831,geplant,3
887,22_5831,umgestaltung,3
888,22_5831,maßnahme,2
889,22_5831,einleitung,2
890,22_5831,hamburgnord,2
891,22_5831,genutzt,2
892,22_5831,größe,2
893,22_5831,kinder,2
894,22_5831,straße,2
895,22_5831,fördergebiet,2
896,22_5831,umbauten,2
897,22_5831,plant,2
898,22_5831,raum,2
899,22_5831,bodengutachten,2
900,22_5850,neustadt,18
901,22_5850,erhaltungsverordnung,12
902,22_5850,sozialen,10
903,22_5850,bereich,9
904,22_5850,gebiet,9
905,22_5850,südlichen,8
906,22_5850,südliche,8
907,22_5850,soziale,6
908,22_5850,westlichen,6
909,22_5850,erlass,6
910,22_5850,daten,5
911,22_5850,verdrängung,5
912,22_5850,gebiete,4
913,22_5850,vorbemerkung,4
914,22_5850,sozerhvo,4
915,22_5850,zeughausstraße,4
916,22_5850,erhaltungsverordnungen,4
917,22_5850,venusberg,4
918,22_5850,schutz,4
919,22_5850,praxis,3
920,22_5855,sondervermögens,2
921,22_5855,april,2
922,22_5855,geschäftsführung,2
923,22_5855,präsidentin,2
924,22_5855,schulimmobilien,2
925,22_5855,ersuchen,2
926,22_5855,drucksachen,1
927,22_5855,senator,1
928,22_5855,folgendes,1
929,22_5855,gesetzes,1
930,22_5855,entwurf,1
931,22_5855,digitalen,1
932,22_5855,außerhalb,1
933,22_5855,dritten,1
934,22_5855,andreas,1
935,22_5855,dressel,1
936,22_5855,schulen,1
937,22_5855,carola,1
938,22_5855,ersucht,1
939,22_5855,sitzung,1
940,22_5861,isz,12
941,22_5861,sprinkenhof,8
942,22_5861,gmbh,6
943,22_5861,aufgaben,4
944,22_5861,bedarfsträger,4
945,22_5861,interessenkonflikte,3
946,22_5861,mietervertreter,3
947,22_5861,weiterentwicklung,3
948,22_5861,mvm,3
949,22_5861,immobilienservicezentrum,3
950,22_5861,mieter,3
951,22_5861,vermieter,3
952,22_5861,tätigkeit,2
953,22_5861,neutrale,2
954,22_5861,bedarfsträgerinnen,2
955,22_5861,mieterinnen,2
956,22_5861,zusammenhang,2
957,22_5861,gleichzeitige,2
958,22_5861,beratung,2
959,22_5861,mietervermietermodells,2
960,22_5871,starkregenvorsorge,8
961,22_5871,gebiete,4
962,22_5871,übrigen,3
963,22_5871,starkregengefahrenkarte,3
964,22_5871,starkregen,3
965,22_5871,rechtsrahmen,2
966,22_5871,wasser,2
967,22_5871,maßnahmenprogramm,2
968,22_5871,treffen,2
969,22_5871,antworten,2
970,22_5871,anwohner,2
971,22_5871,senken,2
972,22_5871,beispielsweise,2
973,22_5871,konkrete,2
974,22_5871,sicht,2
975,22_5871,definiert,2
976,22_5871,privater,2
977,22_5871,gesamte,2
978,22_5871,regelungen,2
979,22_5871,plant,2
980,22_5888,billwerder,92
981,22_5888,jva,85
982,22_5888,plangebiet,49
983,22_5888,jugendanstalt,37
984,22_5888,neubau,29
985,22_5888,standort,27
986,22_5888,hahnöfersand,26
987,22_5888,landschaftsprogramms,23
988,22_5888,bereich,21
989,22_5888,südöstlich,21
990,22_5888,vorhandenen,20
991,22_5888,aufgrund,19
992,22_5888,flächennutzungsplans,17
993,22_5888,hmbgvbl,16
994,22_5888,ca,15
995,22_5888,planung,15
996,22_5888,jugendvollzug,15
997,22_5888,anstaltsmauer,14
998,22_5888,bab,14
999,22_5888,verlagerung,13
1000,22_5909,heimstaden,12
1001,22_5909,mieterinnen,6
1002,22_5909,ausübung,5
1003,22_5909,vorkaufsrecht,5
1004,22_5909,betroffenen,4
1005,22_5909,gegebenenfalls,4
1006,22_5909,vorkaufsrechts,4
1007,22_5909,sozerhvo,4
1008,22_5909,gebieten,4
1009,22_5909,ziele,3
1010,22_5909,kaufvertrag,3
1011,22_5909,akeliuswohnungen,3
1012,22_5909,satz,3
1013,22_5909,sozialen,3
1014,22_5909,erhaltungsverordnung,3
1015,22_5909,falls,3
1016,22_5909,anhörung,3
1017,22_5909,erfolgt,2
1018,22_5909,nummer,2
1019,22_5909,ausgeübt,2
1020,22_5921,fahrzeuge,14
1021,22_5921,beschaffung,11
1022,22_5921,städtischen,8
1023,22_5921,fahrzeugen,8
1024,22_5921,leitfaden,5
1025,22_5921,fuhrparks,5
1026,22_5921,lbv,5
1027,22_5921,umweltfreundliche,5
1028,22_5921,antrieben,4
1029,22_5921,gmbh,4
1030,22_5921,ab,4
1031,22_5921,beschafft,4
1032,22_5921,leitlinie,3
1033,22_5921,berücksichtigt,3
1034,22_5921,mobilität,3
1035,22_5921,neben,3
1036,22_5921,beispielsweise,3
1037,22_5921,stadtreinigung,3
1038,22_5921,beispiel,3
1039,22_5921,freie,3
1040,22_5924,sprinkenhof,7
1041,22_5924,leitfaden,6
1042,22_5924,nachhaltiges,6
1043,22_5924,bauen,6
1044,22_5924,anlage,5
1045,22_5924,umgesetzt,4
1046,22_5924,seite,4
1047,22_5924,umsetzungszeitraum,4
1048,22_5924,gebäudeeffizienz,3
1049,22_5924,klimaplans,3
1050,22_5924,fachkräftemangels,2
1051,22_5924,unterstützt,2
1052,22_5924,mehrere,2
1053,22_5924,gmbh,2
1054,22_5924,hinsichtlich,2
1055,22_5924,grundsätzlich,2
1056,22_5924,kfweffizienzhaus,2
1057,22_5924,beschaffung,2
1058,22_5924,umweltverträgliche,2
1059,22_5924,standards,2
1060,22_5933,sammler,5
1061,22_5933,anlassbezogen,3
1062,22_5933,recyclinghöfe,3
1063,22_5933,recyclinghof,3
1064,22_5933,wirken,3
1065,22_5933,geprüft,2
1066,22_5933,gelegentlichem,2
1067,22_5933,aktuell,2
1068,22_5933,polizei,2
1069,22_5933,zeit,2
1070,22_5933,regelmäßigem,2
1071,22_5933,eigentümer,2
1072,22_5933,erfolgt,2
1073,22_5933,betretungsverbote,2
1074,22_5933,gewerbetreibende,2
1075,22_5933,grundvermögen,2
1076,22_5933,liegen,2
1077,22_5933,schwarzer,2
1078,22_5933,einleitung,2
1079,22_5933,hinweise,2
1080,22_5992,kostensteigerungen,7
1081,22_5992,sollen,7
1082,22_5992,überlegungen,5
1083,22_5992,preissteigerungen,5
1084,22_5992,bau,5
1085,22_5992,teurer,5
1086,22_5992,projekte,5
1087,22_5992,dabei,5
1088,22_5992,bauvorhaben,4
1089,22_5992,bauen,4
1090,22_5992,auswirkungen,3
1091,22_5992,beschleunigung,3
1092,22_5992,aufgrund,3
1093,22_5992,bauprojekte,3
1094,22_5992,geplant,3
1095,22_5992,genannten,3
1096,22_5992,bauprojekten,3
1097,22_5992,steigenden,3
1098,22_5992,bürgerhäuser,3
1099,22_5992,bauaufträge,2
1100,22_5995,magistralen,14
1101,22_5995,bvm,9
1102,22_5995,vorgesehen,8
1103,22_5995,landstraße,7
1104,22_5995,bezirk,7
1105,22_5995,sülldorfer,6
1106,22_5995,magistrale,6
1107,22_5995,altona,5
1108,22_5995,bebauungspläne,5
1109,22_5995,vorhaben,5
1110,22_5995,vorbemerkung,5
1111,22_5995,meter,4
1112,22_5995,entlang,4
1113,22_5995,straßenquerschnitt,4
1114,22_5995,sülldorf,4
1115,22_5995,mobilitätswende,4
1116,22_5995,erfolgt,4
1117,22_5995,rad,4
1118,22_5995,str,4
1119,22_5995,eimsbüttel,4
1120,22_5996,liegenschaften,17
1121,22_5996,eladesäulen,13
1122,22_5996,möglich,8
1123,22_5996,verfügung,7
1124,22_5996,verwaltung,7
1125,22_5996,ladestationen,6
1126,22_5996,nutzen,6
1127,22_5996,beschäftigten,6
1128,22_5996,externen,6
1129,22_5996,plant,5
1130,22_5996,eladesäule,4
1131,22_5996,preis,4
1132,22_5996,erfolgt,4
1133,22_5996,stellen,4
1134,22_5996,planungen,4
1135,22_5996,bedingungen,4
1136,22_5996,betreiber,3
1137,22_5996,abrechnung,3
1138,22_5996,darüber,3
1139,22_5996,dienstwagen,3
1140,22_6052,berner,25
1141,22_6052,stieg,14
1142,22_6052,meiendorfer,14
1143,22_6052,straße,13
1144,22_6052,heerweg,13
1145,22_6052,saseler,13
1146,22_6052,brücke,12
1147,22_6052,bewohnbaren,7
1148,22_6052,bestand,7
1149,22_6052,bewohner,6
1150,22_6052,zustand,6
1151,22_6052,bewohnbar,5
1152,22_6052,wohneinheiten,4
1153,22_6052,unbewohnbarkeit,4
1154,22_6052,zuständigen,4
1155,22_6052,verfügungsberechtigte,3
1156,22_6052,bewohnerinnen,3
1157,22_6052,betroffenen,3
1158,22_6052,genossenschaft,3
1159,22_6052,neue,3
1160,22_6055,mängel,9
1161,22_6055,ekz,9
1162,22_6055,steilshoop,7
1163,22_6055,eigentümer,4
1164,22_6055,asd,4
1165,22_6055,geprüft,4
1166,22_6055,zuständigen,4
1167,22_6055,festgestellt,3
1168,22_6055,bezirksamtes,3
1169,22_6055,bauaufsichtsbehörde,3
1170,22_6055,fsü,3
1171,22_6055,unwirtschaftlich,3
1172,22_6055,landesbetrieb,3
1173,22_6055,immobilienmanagement,3
1174,22_6055,hauptschau,3
1175,22_6055,übrigen,3
1176,22_6055,grundvermögen,3
1177,22_6055,mängeln,2
1178,22_6055,ankauf,2
1179,22_6055,hintergrund,2
1180,22_6059,umsetzung,8
1181,22_6059,grünen,6
1182,22_6059,grüne,6
1183,22_6059,netz,6
1184,22_6059,sollen,6
1185,22_6059,umgesetzt,5
1186,22_6059,wegelücken,4
1187,22_6059,netzes,4
1188,22_6059,machbarkeitsstudien,4
1189,22_6059,anlassbezogen,4
1190,22_6059,lückenschlussmaßnahmen,3
1191,22_6059,lückenschlussprogramm,3
1192,22_6059,lückenschlussprogramms,3
1193,22_6059,bebauungsplanverfahren,3
1194,22_6059,angebotsplanungen,3
1195,22_6059,priorisierten,3
1196,22_6059,bauliche,3
1197,22_6059,qualitäten,3
1198,22_6059,grundvermögen,3
1199,22_6059,grundstücke,3
1200,22_6075,plangebiet,31
1201,22_6075,planung,24
1202,22_6075,stellingen,22
1203,22_6075,landschaftsprogramms,20
1204,22_6075,wohnbauflächen,19
1205,22_6075,flächennutzungsplans,19
1206,22_6075,grund,18
1207,22_6075,kleingärten,17
1208,22_6075,hmbgvbl,16
1209,22_6075,schutzgut,16
1210,22_6075,südlich,15
1211,22_6075,plangebiets,15
1212,22_6075,grünflächen,14
1213,22_6075,fassung,14
1214,22_6075,auswirkungen,13
1215,22_6075,freie,13
1216,22_6075,geändert,12
1217,22_6075,spannskamps,12
1218,22_6075,ebene,12
1219,22_6075,absatz,12
1220,22_6076,position,40
1221,22_6076,erträge,32
1222,22_6076,aufwendungen,26
1223,22_6076,plan,26
1224,22_6076,immobilienmanagement,24
1225,22_6076,landesbetrieb,22
1226,22_6076,grundvermögen,22
1227,22_6076,ausgewiesen,21
1228,22_6076,wirtschaftsplan,21
1229,22_6076,tsd,21
1230,22_6076,bzw,21
1231,22_6076,eurtsd,20
1232,22_6076,insbesondere,19
1233,22_6076,produktgruppe,15
1234,22_6076,investitionen,14
1235,22_6076,wirtschaftsplanposition,14
1236,22_6076,ab,13
1237,22_6076,erfolgt,12
1238,22_6076,verschiebungen,12
1239,22_6076,hinaus,11
1240,22_6078,wasserverbände,5
1241,22_6078,wasser,3
1242,22_6078,bodenverbände,3
1243,22_6078,zuschüsse,2
1244,22_6078,verbandes,2
1245,22_6078,schöpfwerke,2
1246,22_6078,gutachten,2
1247,22_6078,große,2
1248,22_6078,flächenversiegelung,2
1249,22_6078,mitarbeiter,2
1250,22_6078,unterstützen,2
1251,22_6078,stadtteile,1
1252,22_6078,gerade,1
1253,22_6078,größere,1
1254,22_6078,unterstützt,1
1255,22_6078,starkregenereignissen,1
1256,22_6078,ausstattung,1
1257,22_6078,vereinen,1
1258,22_6078,schulz,1
1259,22_6078,betr,1
1260,22_6093,thema,16
1261,22_6093,ziel,16
1262,22_6093,veranstaltung,14
1263,22_6093,termin,14
1264,22_6093,einladung,13
1265,22_6093,tabelle,12
1266,22_6093,eingeladen,12
1267,22_6093,db,12
1268,22_6093,ag,11
1269,22_6093,lawaetzstiftung,9
1270,22_6093,altona,9
1271,22_6093,teilnehmendenzahl,8
1272,22_6093,sternbrücke,7
1273,22_6093,veranstaltungen,7
1274,22_6093,netz,7
1275,22_6093,august,6
1276,22_6093,bürgerinnen,5
1277,22_6093,information,5
1278,22_6093,öffentlichkeit,5
1279,22_6093,interessierte,5
1280,22_6119,naturschutzrat,37
1281,22_6119,naturschutzrates,27
1282,22_6119,bukea,22
1283,22_6119,ausgleichsmaßnahmen,21
1284,22_6119,hätten,15
1285,22_6119,verfahren,15
1286,22_6119,könne,14
1287,22_6119,denen,14
1288,22_6119,jedoch,13
1289,22_6119,gebe,13
1290,22_6119,umsetzung,12
1291,22_6119,ausgleich,12
1292,22_6119,bericht,12
1293,22_6119,artenkenntnissen,11
1294,22_6119,anwendung,11
1295,22_6119,zudem,10
1296,22_6119,artenkenntnisse,10
1297,22_6119,mehr,10
1298,22_6119,gegeben,9
1299,22_6119,fraktion,9
1300,22_6120,deichlinie,46
1301,22_6120,hätten,28
1302,22_6120,zweiten,24
1303,22_6120,senatsvertreterinnen,23
1304,22_6120,könne,23
1305,22_6120,gebe,22
1306,22_6120,meter,21
1307,22_6120,hochwasserschutz,19
1308,22_6120,jedoch,18
1309,22_6120,sogenannten,16
1310,22_6120,erklärten,16
1311,22_6120,bemessungswasserstand,14
1312,22_6120,müsse,13
1313,22_6120,ersten,13
1314,22_6120,deiche,13
1315,22_6120,sodass,12
1316,22_6120,könnten,11
1317,22_6120,müssten,11
1318,22_6120,daher,11
1319,22_6120,erst,11
1320,22_6149,rhb,9
1321,22_6149,rückhaltebecken,7
1322,22_6149,gewässer,7
1323,22_6149,nächsten,5
1324,22_6149,entschlammt,5
1325,22_6149,becken,4
1326,22_6149,zwei,4
1327,22_6149,bedarfsplanung,4
1328,22_6149,sollen,4
1329,22_6149,zuständigkeit,3
1330,22_6149,hw,3
1331,22_6149,bezirke,3
1332,22_6149,einleitung,3
1333,22_6149,teilweise,3
1334,22_6149,entschlammung,3
1335,22_6149,bezirksämter,3
1336,22_6149,bezirk,2
1337,22_6149,unterteilt,2
1338,22_6149,bezirken,2
1339,22_6149,erarbeitet,2
1340,22_6163,plan,48
1341,22_6163,produktgruppe,26
1342,22_6163,bisherverändbetragfort,22
1343,22_6163,mio,16
1344,22_6163,höhe,15
1345,22_6163,tsd,13
1346,22_6163,neufort,12
1347,22_6163,hafen,9
1348,22_6163,hpa,8
1349,22_6163,einzelplan,8
1350,22_6163,transferleistungen,7
1351,22_6163,innovation,6
1352,22_6163,erlöse,6
1353,22_6163,erfolgt,6
1354,22_6163,bereitstellung,6
1355,22_6163,kontenbereich,6
1356,22_6163,mittel,6
1357,22_6163,aufgaben,6
1358,22_6163,ergibt,5
1359,22_6163,haushaltsjahr,4
1360,22_6167,gebe,21
1361,22_6167,gebiete,15
1362,22_6167,senatsvertreterinnen,14
1363,22_6167,planen,14
1364,22_6167,beispielsweise,13
1365,22_6167,rise,12
1366,22_6167,handelnseite,12
1367,22_6167,abgeordneten,11
1368,22_6167,fragten,11
1369,22_6167,gebiet,11
1370,22_6167,geprüft,10
1371,22_6167,könnten,9
1372,22_6167,programme,9
1373,22_6167,hinblick,9
1374,22_6167,mio,9
1375,22_6167,quartier,9
1376,22_6167,projekte,9
1377,22_6167,risegebieten,9
1378,22_6167,förderung,8
1379,22_6167,sozialmonitoring,8
1380,22_6169,hummelsbüttel,12
1381,22_6169,genannten,8
1382,22_6169,mehrzweckhalle,7
1383,22_6169,feuerwehr,6
1384,22_6169,planungen,5
1385,22_6169,machbarkeitsstudie,5
1386,22_6169,informationsveranstaltung,4
1387,22_6169,ergebnis,4
1388,22_6169,abstimmungsergebnisse,4
1389,22_6169,bau,4
1390,22_6169,ergebnisse,4
1391,22_6169,standort,4
1392,22_6169,fachbehörde,4
1393,22_6169,bezirkliche,4
1394,22_6169,interesse,4
1395,22_6169,bezirk,4
1396,22_6169,zuständige,4
1397,22_6169,festplatz,4
1398,22_6169,inzwischen,3
1399,22_6169,weiteren,3
1400,22_6245,rückhaltebecken,10
1401,22_6245,rhb,6
1402,22_6245,gewässer,5
1403,22_6245,zuständigkeit,4
1404,22_6245,wasser,4
1405,22_6245,jedoch,3
1406,22_6245,rahmenbedingungen,3
1407,22_6245,umweltbehörde,3
1408,22_6245,funktionalität,2
1409,22_6245,bezirksämter,2
1410,22_6245,wenig,2
1411,22_6245,sodass,2
1412,22_6245,gelten,2
1413,22_6245,geltenden,2
1414,22_6245,zurückgehalten,2
1415,22_6245,eingezäunt,2
1416,22_6245,teilt,2
1417,22_6245,rechtlichen,2
1418,22_6245,wandsbek,2
1419,22_6245,abwasseranlagen,2
1420,22_6268,öffentlichkeitsbeteiligung,8
1421,22_6268,möge,8
1422,22_6268,dafür,7
1423,22_6268,sorge,6
1424,22_6268,gemäß,6
1425,22_6268,auslegung,6
1426,22_6268,tragen,6
1427,22_6268,bürger,5
1428,22_6268,menschen,5
1429,22_6268,märz,4
1430,22_6268,öffentlichkeit,4
1431,22_6268,beteiligung,4
1432,22_6268,anforderungen,4
1433,22_6268,durchgeführt,4
1434,22_6268,öffentlich,4
1435,22_6268,bebauungspläne,3
1436,22_6268,unterlagen,3
1437,22_6268,öffentliche,3
1438,22_6268,müssen,3
1439,22_6268,beispiel,3
1440,22_6293,katastrophenschutz,10
1441,22_6293,bevölkerung,6
1442,22_6293,mowas,6
1443,22_6293,bürger,5
1444,22_6293,meldungen,5
1445,22_6293,mittel,5
1446,22_6293,katastrophenschutzes,5
1447,22_6293,nina,4
1448,22_6293,oft,4
1449,22_6293,warnapp,4
1450,22_6293,warnmittel,4
1451,22_6293,warnmeldungen,4
1452,22_6293,sinne,4
1453,22_6293,katastrophe,4
1454,22_6293,mehr,4
1455,22_6293,warnung,4
1456,22_6293,katastrophenfälle,4
1457,22_6293,tornados,3
1458,22_6293,stadtinformationstafeln,3
1459,22_6293,wasserstand,3
1460,22_6335,klima,8
1461,22_6335,energie,8
1462,22_6335,umwelt,8
1463,22_6335,wohneinheiten,6
1464,22_6335,billstedt,6
1465,22_6335,öjendorfer,6
1466,22_6335,stadtentwicklungsausschuss,6
1467,22_6335,senatsvertreterinnen,5
1468,22_6335,september,5
1469,22_6335,östlich,4
1470,22_6335,antrag,4
1471,22_6335,fraktion,4
1472,22_6335,ausschuss,4
1473,22_6335,ebenfalls,4
1474,22_6335,freie,4
1475,22_6335,westlich,4
1476,22_6335,see,4
1477,22_6335,haferblöcken,4
1478,22_6335,hamburgischen,4
1479,22_6335,solle,4
1480,22_6413,veddel,28
1481,22_6413,grasbrook,26
1482,22_6413,nördliche,15
1483,22_6413,flurstück,14
1484,22_6413,bereich,12
1485,22_6413,flurstücks,11
1486,22_6413,absatz,10
1487,22_6413,flurstücke,10
1488,22_6413,vorbehaltsgebiet,8
1489,22_6413,anlage,8
1490,22_6413,moldauhafen,7
1491,22_6413,entwicklung,7
1492,22_6413,hamburgmitte,7
1493,22_6413,bauleitplanfeststellungsgesetz,6
1494,22_6413,ca,6
1495,22_6413,geltungsbereich,6
1496,22_6413,neue,6
1497,22_6413,zuständigkeit,5
1498,22_6413,kleiner,5
1499,22_6413,weiterübertragungsverordnungbau,5
1500,22_6418,überschwemmungen,6
1501,22_6418,starkregen,6
1502,22_6418,messungen,5
1503,22_6418,grenzgraben,4
1504,22_6418,wandsbek,4
1505,22_6418,wiesenweg,4
1506,22_6418,rhb,4
1507,22_6418,rückhaltebecken,4
1508,22_6418,teilt,3
1509,22_6418,abgeschlossen,3
1510,22_6418,straßen,3
1511,22_6418,genannten,3
1512,22_6418,oben,3
1513,22_6418,bürgerinnen,3
1514,22_6418,katastrophenfall,3
1515,22_6418,hinaus,3
1516,22_6418,blakshörn,3
1517,22_6418,darüber,3
1518,22_6418,wasser,3
1519,22_6418,bürger,3
1520,22_6428,ifb,4
1521,22_6428,wohneigentum,4
1522,22_6428,ab,3
1523,22_6428,neubau,3
1524,22_6428,kfw,3
1525,22_6428,eigenheim,2
1526,22_6428,absicherung,2
1527,22_6428,einleitung,2
1528,22_6428,bauvorhaben,2
1529,22_6428,zudem,2
1530,22_6428,entwicklung,2
1531,22_6428,flächenländern,2
1532,22_6428,gebrauchtimmobilien,2
1533,22_6428,aufschlüsseln,2
1534,22_6428,förderung,2
1535,22_6428,quelle,2
1536,22_6428,eigenheimförderung,2
1537,22_6428,wert,2
1538,22_6428,tabelle,2
1539,22_6428,alter,2
1540,22_6446,baustufenpläne,10
1541,22_6446,bebauungspläne,5
1542,22_6446,baustufenplänen,5
1543,22_6446,absatz,4
1544,22_6446,planrecht,4
1545,22_6446,festsetzungen,4
1546,22_6446,wohngebiete,3
1547,22_6446,grundstücksfläche,3
1548,22_6446,angemessen,2
1549,22_6446,neuere,2
1550,22_6446,ausgewiesen,2
1551,22_6446,entsprechenden,2
1552,22_6446,hamburgs,2
1553,22_6446,überbaubaren,2
1554,22_6446,überführung,2
1555,22_6446,enthalten,2
1556,22_6446,spd,2
1557,22_6446,gemäß,2
1558,22_6446,sinne,2
1559,22_6446,sektoralen,2
1560,22_6447,hafencity,18
1561,22_6447,stadtteil,7
1562,22_6447,dabei,4
1563,22_6447,entwicklung,3
1564,22_6447,sollen,3
1565,22_6447,überwiegend,3
1566,22_6447,anforderungen,3
1567,22_6447,umsetzung,3
1568,22_6447,hohen,3
1569,22_6447,biodiversität,3
1570,22_6447,bewohnerinnen,3
1571,22_6447,förderung,3
1572,22_6447,form,3
1573,22_6447,kleinteilige,2
1574,22_6447,oben,2
1575,22_6447,schaffung,2
1576,22_6447,fraktion,2
1577,22_6447,letzten,2
1578,22_6447,neben,2
1579,22_6447,freizeit,2
1580,22_6448,sozerhvo,9
1581,22_6448,wohnbevölkerung,5
1582,22_6448,gebieten,5
1583,22_6448,verdrängung,4
1584,22_6448,vorkaufsrechts,4
1585,22_6448,vorkaufsrecht,4
1586,22_6448,urteil,4
1587,22_6448,auswirkungen,4
1588,22_6448,verdrängungsgefahr,4
1589,22_6448,städtebaulichen,3
1590,22_6448,baugesetzbuch,3
1591,22_6448,zusammensetzung,3
1592,22_6448,ausübung,3
1593,22_6448,nummer,3
1594,22_6448,ziel,3
1595,22_6448,gebiete,3
1596,22_6448,ovg,3
1597,22_6448,absatz,3
1598,22_6448,dafür,3
1599,22_6448,leben,3
1600,22_6451,vorkaufsrecht,7
1601,22_6451,mieterinnen,6
1602,22_6451,mieten,5
1603,22_6451,kommunen,4
1604,22_6451,vorkaufsrechts,4
1605,22_6451,mieter,4
1606,22_6451,sozialen,4
1607,22_6451,baugesetzbuch,4
1608,22_6451,leistbaren,3
1609,22_6451,verdrängung,3
1610,22_6451,zukünftige,3
1611,22_6451,beispiel,3
1612,22_6451,orientiert,3
1613,22_6451,antrag,3
1614,22_6451,berlin,3
1615,22_6451,deshalb,2
1616,22_6451,unterhalb,2
1617,22_6451,stehenden,2
1618,22_6451,preis,2
1619,22_6451,milieuschutzgebieten,2
1620,22_6462,rhb,11
1621,22_6462,mehr,6
1622,22_6462,realisiert,6
1623,22_6462,heute,5
1624,22_6462,umgesetzt,5
1625,22_6462,mischwasserrückhaltebecken,4
1626,22_6462,bisher,4
1627,22_6462,winterhuder,3
1628,22_6462,bplan,3
1629,22_6462,gremien,3
1630,22_6462,sollen,3
1631,22_6462,rückhaltebecken,3
1632,22_6462,kai,3
1633,22_6462,ausbaustufe,2
1634,22_6462,planung,2
1635,22_6462,bezirklichen,2
1636,22_6462,nummer,2
1637,22_6462,hierüber,2
1638,22_6462,absatz,2
1639,22_6462,nachvollzogen,2
1640,22_6485,eigentümerin,6
1641,22_6485,schilleroper,6
1642,22_6485,rotunde,5
1643,22_6485,konstruktion,5
1644,22_6485,wintersicherung,4
1645,22_6485,anträge,3
1646,22_6485,august,3
1647,22_6485,gegenstand,3
1648,22_6485,liegt,3
1649,22_6485,jeweilige,3
1650,22_6485,vorkaufsrechts,2
1651,22_6485,gestoppt,2
1652,22_6485,kleine,2
1653,22_6485,denkmalschutzamt,2
1654,22_6485,schriftliche,2
1655,22_6485,ausübung,2
1656,22_6485,st,2
1657,22_6485,denkmalgeschützten,2
1658,22_6485,gestellt,2
1659,22_6485,veräußerung,2
1660,22_6540,adler,27
1661,22_6540,group,26
1662,22_6540,consus,24
1663,22_6540,städtebaulichen,18
1664,22_6540,vertrag,17
1665,22_6540,holstenareal,14
1666,22_6540,falls,13
1667,22_6540,neuländer,11
1668,22_6540,korallusviertel,11
1669,22_6540,grundstücke,11
1670,22_6540,frei,10
1671,22_6540,real,10
1672,22_6540,neues,10
1673,22_6540,estate,10
1674,22_6540,weshalb,9
1675,22_6540,baugemeinschaften,9
1676,22_6540,bafin,8
1677,22_6540,ca,8
1678,22_6540,quarree,7
1679,22_6540,finanzierten,7
1680,22_6564,grundstücke,8
1681,22_6564,bramfeld,3
1682,22_6564,agv,3
1683,22_6564,daten,2
1684,22_6564,angedacht,2
1685,22_6564,november,2
1686,22_6564,grundstücks,2
1687,22_6564,ungenutzt,2
1688,22_6564,sollen,2
1689,22_6564,bisher,2
1690,22_6564,stadtteilen,2
1691,22_6564,stichtag,2
1692,22_6564,ausgeschrieben,2
1693,22_6564,farmsenberne,2
1694,22_6564,ausschreibung,2
1695,22_6564,erbbaurecht,2
1696,22_6564,fabriciusstieg,2
1697,22_6564,grundvermögen,2
1698,22_6564,steilshoop,2
1699,22_6564,aktuell,1
1700,22_6573,süderelbe,20
1701,22_6573,este,13
1702,22_6573,alten,12
1703,22_6573,verbände,8
1704,22_6573,entwässerung,8
1705,22_6573,be,7
1706,22_6573,lf,6
1707,22_6573,beispiel,6
1708,22_6573,bau,6
1709,22_6573,sperrtiden,6
1710,22_6573,raum,6
1711,22_6573,schöpfwerk,6
1712,22_6573,harburg,5
1713,22_6573,nhn,5
1714,22_6573,schöpfwerke,5
1715,22_6573,gräben,5
1716,22_6573,schleusenverband,5
1717,22_6573,szenarien,5
1718,22_6573,nf,5
1719,22_6573,wasser,5
1720,22_6593,htv,19
1721,22_6593,hamburgmitte,8
1722,22_6593,hunde,8
1723,22_6593,möglich,8
1724,22_6593,tierheims,7
1725,22_6593,tierheim,7
1726,22_6593,erweiterungsfläche,6
1727,22_6593,halterin,6
1728,22_6593,halter,6
1729,22_6593,hund,6
1730,22_6593,neue,6
1731,22_6593,tierheimgelände,5
1732,22_6593,tiere,5
1733,22_6593,bisherigen,5
1734,22_6593,tierseuchenrechtlichen,4
1735,22_6593,phv,4
1736,22_6593,verfahren,4
1737,22_6593,auftrag,4
1738,22_6593,richtet,4
1739,22_6593,zuständigen,4
1740,22_6595,diebsteich,25
1741,22_6595,solle,24
1742,22_6595,altona,23
1743,22_6595,musikhalle,21
1744,22_6595,seite,21
1745,22_6595,mitte,21
1746,22_6595,vu,17
1747,22_6595,senatsvertreterinnen,16
1748,22_6595,könne,14
1749,22_6595,bereich,14
1750,22_6595,städtebauliche,14
1751,22_6595,sollen,14
1752,22_6595,entwicklungsmaßnahme,13
1753,22_6595,arge,11
1754,22_6595,grit,11
1755,22_6595,hätten,10
1756,22_6595,entwicklung,10
1757,22_6595,hinblick,10
1758,22_6595,untersuchungen,10
1759,22_6595,müsse,10
1760,22_6608,markthochlauf,6
1761,22_6608,deutschland,5
1762,22_6608,bundesregierung,5
1763,22_6608,infrastruktur,4
1764,22_6608,senken,4
1765,22_6608,daher,4
1766,22_6608,wasserstoff,4
1767,22_6608,festlegung,4
1768,22_6608,strompreise,4
1769,22_6608,schneller,4
1770,22_6608,beschleunigen,4
1771,22_6608,tankstellen,3
1772,22_6608,möglichen,3
1773,22_6608,aufbau,3
1774,22_6608,grünem,2
1775,22_6608,elektrolyseur,2
1776,22_6608,rahmenbedingungen,2
1777,22_6608,grundstücke,2
1778,22_6608,minimum,2
1779,22_6608,wasserstofftechnologien,2
1780,22_6609,trinkwasser,4
1781,22_6609,brauchwasser,3
1782,22_6609,wäre,3
1783,22_6609,freie,2
1784,22_6609,einsparpotenziale,2
1785,22_6609,wasserverbrauch,2
1786,22_6609,hitzewelle,2
1787,22_6609,entsprechend,2
1788,22_6609,hätten,2
1789,22_6609,daher,2
1790,22_6609,verbote,2
1791,22_6609,jedoch,2
1792,22_6609,beschäftigte,2
1793,22_6609,beispielsweise,2
1794,22_6609,maßnahme,1
1795,22_6609,befüllen,1
1796,22_6609,liefern,1
1797,22_6609,kleibauer,1
1798,22_6609,erstellen,1
1799,22_6609,fraglich,1
1800,22_6611,förderprogramm,4
1801,22_6611,entsiegeln,3
1802,22_6611,müssen,3
1803,22_6611,entsiegelung,2
1804,22_6611,dezember,2
1805,22_6611,freiwilligen,2
1806,22_6611,antrag,2
1807,22_6611,grundeigentümer,2
1808,22_6611,betr,1
1809,22_6611,vl,1
1810,22_6611,schaffen,1
1811,22_6611,bauordnung,1
1812,22_6611,förderungen,1
1813,22_6611,eckard,1
1814,22_6611,vollpflasterungen,1
1815,22_6611,ebenso,1
1816,22_6611,möge,1
1817,22_6611,eigentlich,1
1818,22_6611,urbane,1
1819,22_6611,gamm,1
1820,22_6634,immobilien,19
1821,22_6634,übrigen,16
1822,22_6634,erhalten,15
1823,22_6634,anlage,12
1824,22_6634,sollen,12
1825,22_6634,städtische,11
1826,22_6634,dachbegrünung,11
1827,22_6634,weisen,10
1828,22_6634,städtischen,10
1829,22_6634,objekte,10
1830,22_6634,gebäuden,9
1831,22_6634,aktuell,9
1832,22_6634,fotovoltaikanlage,8
1833,22_6634,hes,8
1834,22_6634,gwh,8
1835,22_6634,anzugeben,8
1836,22_6634,sanierungsmaßnahmen,8
1837,22_6634,neubau,8
1838,22_6634,verfügung,7
1839,22_6634,ermittelt,7
1840,22_6644,ausschreibung,10
1841,22_6644,gmh,6
1842,22_6644,schulbau,5
1843,22_6644,sbh,3
1844,22_6644,errichtung,3
1845,22_6644,kitahaus,3
1846,22_6644,angebote,2
1847,22_6644,kitahäuser,2
1848,22_6644,standorten,2
1849,22_6644,bieterinnen,2
1850,22_6644,unverändert,2
1851,22_6644,hintergrund,2
1852,22_6644,bieter,2
1853,22_6644,sinstorf,2
1854,22_6644,rahmenvereinbarung,2
1855,22_6644,planung,2
1856,22_6644,verstanden,2
1857,22_6644,neue,2
1858,22_6644,genau,2
1859,22_6644,kitahauses,2
1860,22_6645,qm,162
1861,22_6645,mitarbeiter,20
1862,22_6645,og,19
1863,22_6645,mietfläche,15
1864,22_6645,gmbh,15
1865,22_6645,aufgrund,12
1866,22_6645,standort,12
1867,22_6645,große,12
1868,22_6645,büroflächen,10
1869,22_6645,landesbetrieb,10
1870,22_6645,bürofläche,9
1871,22_6645,ca,9
1872,22_6645,benötigt,9
1873,22_6645,pro,8
1874,22_6645,harburger,8
1875,22_6645,straße,8
1876,22_6645,bleichen,7
1877,22_6645,mitarbeiterin,7
1878,22_6645,großen,7
1879,22_6645,bukea,7
1880,22_6667,landesbetrieb,19
1881,22_6667,tests,17
1882,22_6667,durchgeführt,16
1883,22_6667,absatz,11
1884,22_6667,dienststellen,11
1885,22_6667,personen,11
1886,22_6667,arbeitsplatz,7
1887,22_6667,dienststelle,7
1888,22_6667,november,7
1889,22_6667,ifsg,6
1890,22_6667,nummer,6
1891,22_6667,gemäß,6
1892,22_6667,falls,5
1893,22_6667,aufsicht,5
1894,22_6667,betrieblichen,5
1895,22_6667,schnelltests,5
1896,22_6667,uhr,5
1897,22_6667,arbeitgeber,4
1898,22_6667,gilt,4
1899,22_6667,pcrtests,4
1900,22_6671,lottbeker,8
1901,22_6671,teich,6
1902,22_6671,planung,4
1903,22_6671,ökologischen,4
1904,22_6671,durchgängigkeit,4
1905,22_6671,umgestaltung,3
1906,22_6671,schleswigholstein,3
1907,22_6671,liegt,3
1908,22_6671,beteiligten,2
1909,22_6671,planungsauftrag,2
1910,22_6671,entschlammung,2
1911,22_6671,erteilt,2
1912,22_6671,rückhaltebecken,2
1913,22_6671,genau,2
1914,22_6671,wiederherstellung,2
1915,22_6671,fachdienst,2
1916,22_6671,erneut,2
1917,22_6671,gegeben,2
1918,22_6671,ammersbek,2
1919,22_6671,vorliegen,2
1920,22_6688,landstraße,8
1921,22_6688,wellingsbüttler,6
1922,22_6688,straße,6
1923,22_6688,geplant,4
1924,22_6688,bäume,4
1925,22_6688,hinzufügen,4
1926,22_6688,straßen,4
1927,22_6688,wellingsbütteler,4
1928,22_6688,vorbemerkung,4
1929,22_6688,sanierung,4
1930,22_6688,zustand,3
1931,22_6688,anwohnerinnen,3
1932,22_6688,sollen,3
1933,22_6688,gewerbetreibenden,3
1934,22_6688,wohnungsbau,3
1935,22_6688,ohlsdorf,3
1936,22_6688,geprüft,3
1937,22_6688,geplante,3
1938,22_6688,wegwellingsbütteler,3
1939,22_6688,verträglichkeit,3
1940,22_6693,flurstücke,17
1941,22_6693,vorbemerkung,15
1942,22_6693,verkehrsflächen,11
1943,22_6693,entwidmung,10
1944,22_6693,jeweilige,10
1945,22_6693,flurstück,8
1946,22_6693,geoportal,7
1947,22_6693,oben,7
1948,22_6693,genannten,7
1949,22_6693,stattgefunden,6
1950,22_6693,zuständigen,6
1951,22_6693,datum,6
1952,22_6693,absatz,6
1953,22_6693,bestandteil,6
1954,22_6693,bvm,6
1955,22_6693,grundlage,6
1956,22_6693,kommission,6
1957,22_6693,verkehr,6
1958,22_6693,öffentliche,6
1959,22_6693,verkehrsfläche,5
1960,22_6706,htv,13
1961,22_6706,beim,7
1962,22_6706,ev,6
1963,22_6706,grundlage,5
1964,22_6706,phv,4
1965,22_6706,tierheims,4
1966,22_6706,bebaut,4
1967,22_6706,tierheim,3
1968,22_6706,hunde,3
1969,22_6706,erweiterung,3
1970,22_6706,tierschutzvereins,3
1971,22_6706,eingegangen,3
1972,22_6706,antrag,3
1973,22_6706,entsprechend,3
1974,22_6706,genehmigt,3
1975,22_6706,ii,3
1976,22_6706,sanierung,3
1977,22_6706,katzenhauses,3
1978,22_6706,empfohlen,2
1979,22_6706,liegen,2
1980,22_6724,heimstaden,19
1981,22_6724,mieterinnen,7
1982,22_6724,übernahme,6
1983,22_6724,sozialen,5
1984,22_6724,berlin,5
1985,22_6724,kontakt,5
1986,22_6724,vorbemerkung,5
1987,22_6724,akelius,5
1988,22_6724,deutschland,5
1989,22_6724,erwerb,5
1990,22_6724,rechtlichen,5
1991,22_6724,bsw,4
1992,22_6724,ankündigung,4
1993,22_6724,heimstadenkonzern,4
1994,22_6724,gegeben,4
1995,22_6724,mieter,4
1996,22_6724,november,4
1997,22_6724,dezember,4
1998,22_6724,grunderwerbsteuer,4
1999,22_6724,erhaltungsverordnungen,4
2000,22_6736,gründen,8
2001,22_6736,immobilien,5
2002,22_6736,erfolgt,4
2003,22_6736,neubau,4
2004,22_6736,objekte,4
2005,22_6736,objekten,4
2006,22_6736,sanierungsmaßnahmen,4
2007,22_6736,erhalten,4
2008,22_6736,anlage,3
2009,22_6736,städtischen,3
2010,22_6736,dachflächen,3
2011,22_6736,ertüchtigung,3
2012,22_6736,stadteigenen,2
2013,22_6736,eignung,2
2014,22_6736,saniert,2
2015,22_6736,sanierungskosten,2
2016,22_6736,gebäuden,2
2017,22_6736,vielen,2
2018,22_6736,technischen,2
2019,22_6736,dachbegrünung,2
2020,22_6753,hahnöfersand,11
2021,22_6753,falls,6
2022,22_6753,abriss,5
2023,22_6753,billwerder,4
2024,22_6753,vorkaufsrecht,3
2025,22_6753,begonnen,3
2026,22_6753,ausgleich,3
2027,22_6753,jugendanstalt,3
2028,22_6753,rückbau,3
2029,22_6753,land,3
2030,22_6753,grundvermögen,3
2031,22_6753,niedersachsen,3
2032,22_6753,ab,3
2033,22_6753,jva,3
2034,22_6753,alten,2
2035,22_6753,geschlossen,2
2036,22_6753,schriftliche,2
2037,22_6753,zwecke,2
2038,22_6753,fahrradweg,2
2039,22_6753,kleine,2
2040,22_6818,dezember,9
2041,22_6818,rl,8
2042,22_6818,meldestellen,7
2043,22_6818,verstöße,6
2044,22_6818,melden,6
2045,22_6818,interne,5
2046,22_6818,richtlinie,5
2047,22_6818,schutz,5
2048,22_6818,externe,4
2049,22_6818,informiert,4
2050,22_6818,personen,4
2051,22_6818,beamten,4
2052,22_6818,unionsrecht,3
2053,22_6818,sachlichen,3
2054,22_6818,direkt,3
2055,22_6818,anlage,3
2056,22_6818,nationales,3
2057,22_6818,beamtstg,3
2058,22_6818,whistleblower,3
2059,22_6818,betrieb,3
2060,22_6820,halbjahr,14
2061,22_6820,zweiten,14
2062,22_6820,finanzbehörde,10
2063,22_6820,genehmigt,8
2064,22_6820,fällen,6
2065,22_6820,anlage,5
2066,22_6820,veränderungen,5
2067,22_6820,senator,5
2068,22_6820,einzelnen,4
2069,22_6820,öffentliche,4
2070,22_6820,senatskommission,4
2071,22_6820,aufsichtsgremien,3
2072,22_6820,dataportzielbild,3
2073,22_6820,senatorin,2
2074,22_6820,übrigen,2
2075,22_6820,änderungen,2
2076,22_6820,vorgenommen,2
2077,22_6820,hierzu,1
2078,22_6820,sonstige,1
2079,22_6820,vorsitz,1
2080,22_6834,ausgleichsflächen,17
2081,22_6834,hamburgs,8
2082,22_6834,außerhalb,8
2083,22_6834,hektar,7
2084,22_6834,stadtgrün,5
2085,22_6834,geeignet,5
2086,22_6834,vertrag,4
2087,22_6834,innerhalb,4
2088,22_6834,einigung,4
2089,22_6834,volksinitiative,4
2090,22_6834,sinne,3
2091,22_6834,anlage,3
2092,22_6834,ausgewiesen,3
2093,22_6834,größe,3
2094,22_6834,anzugeben,3
2095,22_6834,stehen,3
2096,22_6834,entnehmen,3
2097,22_6834,erfolgt,3
2098,22_6834,quickborn,2
2099,22_6834,stadtgebiet,2
2100,22_6897,ifb,13
2101,22_6897,wohneinheiten,10
2102,22_6897,geförderten,7
2103,22_6897,quartal,7
2104,22_6897,öffentlich,6
2105,22_6897,november,6
2106,22_6897,zahlen,6
2107,22_6897,quelle,5
2108,22_6897,zeitraum,5
2109,22_6897,bewilligten,5
2110,22_6897,tabelle,5
2111,22_6897,jahres,5
2112,22_6897,fördermittel,5
2113,22_6897,oktober,4
2114,22_6897,absolut,4
2115,22_6897,vereinbart,4
2116,22_6897,anteilig,4
2117,22_6897,angeben,4
2118,22_6897,nov,4
2119,22_6897,investitions,3
2120,22_6900,summe,14
2121,22_6900,erstellung,12
2122,22_6900,bebauungspläne,12
2123,22_6900,planungsbüro,10
2124,22_6900,tabelle,10
2125,22_6900,eur,8
2126,22_6900,brutto,8
2127,22_6900,beauftragungskosten,8
2128,22_6900,stadtentwicklung,7
2129,22_6900,bebauungsplänen,7
2130,22_6900,gesamtsumme,7
2131,22_6900,bpläne,6
2132,22_6900,bezirksämter,5
2133,22_6900,bsw,5
2134,22_6900,externen,4
2135,22_6900,externe,4
2136,22_6900,erfolgt,4
2137,22_6900,dritten,4
2138,22_6900,beteiligung,4
2139,22_6900,zusammenarbeit,4
2140,22_6901,wahlkreis,8
2141,22_6901,einrichtungen,6
2142,22_6901,landes,5
2143,22_6901,zustand,5
2144,22_6901,feuerwehr,3
2145,22_6901,außenstellen,3
2146,22_6901,kommenden,2
2147,22_6901,millionen,2
2148,22_6901,befindet,2
2149,22_6901,angesiedelt,2
2150,22_6901,öffentliche,2
2151,22_6901,sondervermögen,2
2152,22_6901,einleitung,2
2153,22_6901,hintergrund,2
2154,22_6901,schulen,2
2155,22_6901,schulimmobilien,2
2156,22_6901,wandsbek,2
2157,22_6901,guten,2
2158,22_6901,sanierung,1
2159,22_6901,kleine,1
2160,22_6917,schäden,6
2161,22_6917,jugendwohngemeinschaft,4
2162,22_6917,rohrbruch,3
2163,22_6917,wasser,3
2164,22_6917,gelände,3
2165,22_6917,altengamme,3
2166,22_6917,bisher,2
2167,22_6917,wiederherstellung,2
2168,22_6917,casa,2
2169,22_6917,leb,2
2170,22_6917,sommerbad,2
2171,22_6917,damm,2
2172,22_6917,bekannt,2
2173,22_6917,ergriffen,2
2174,22_6917,einrichtung,2
2175,22_6917,liegewiese,2
2176,22_6917,rifugio,2
2177,22_6917,horster,2
2178,22_6917,ursachen,2
2179,22_6917,beseitigung,2
2180,22_6922,eichenhöhe,15
2181,22_6922,einrichtung,10
2182,22_6922,seniorenwohnanlage,9
2183,22_6922,eißendorf,6
2184,22_6922,vzä,6
2185,22_6922,betreiber,5
2186,22_6922,personen,5
2187,22_6922,belegung,5
2188,22_6922,personal,5
2189,22_6922,pflegebereich,5
2190,22_6922,ab,4
2191,22_6922,baugenehmigung,4
2192,22_6922,erfolgt,4
2193,22_6922,dezember,4
2194,22_6922,stichtag,4
2195,22_6922,asylbewerberunterkunft,4
2196,22_6922,unterbringung,4
2197,22_6922,räumlichkeiten,4
2198,22_6922,bebauungsplan,3
2199,22_6922,bebauungsplanes,3
2200,22_6926,leuchtturm,10
2201,22_6926,insel,5
2202,22_6926,voraussichtlich,5
2203,22_6926,neuwerker,5
2204,22_6926,betrieb,5
2205,22_6926,senator,4
2206,22_6926,turm,4
2207,22_6926,leuchtturmes,4
2208,22_6926,neuwerk,4
2209,22_6926,sommer,4
2210,22_6926,millionen,4
2211,22_6926,dressel,4
2212,22_6926,sanierung,4
2213,22_6926,vorbemerkung,3
2214,22_6926,personal,3
2215,22_6926,abgeschlossen,3
2216,22_6926,leuchtturms,3
2217,22_6926,aufgrund,3
2218,22_6926,turmes,3
2219,22_6926,vorgesehen,3
2220,22_6927,neuwerk,12
2221,22_6927,insel,11
2222,22_6927,entwicklungskonzept,4
2223,22_6927,sanierungskonzept,4
2224,22_6927,wohnraum,4
2225,22_6927,besteht,4
2226,22_6927,statistik,3
2227,22_6927,konnten,3
2228,22_6927,aufgezeigt,3
2229,22_6927,konnte,3
2230,22_6927,fragestellung,3
2231,22_6927,einwohnerzahl,3
2232,22_6927,geführt,3
2233,22_6927,übrigen,3
2234,22_6927,verhältnis,3
2235,22_6927,einwohner,3
2236,22_6927,kilometer,3
2237,22_6927,deich,3
2238,22_6927,inselschule,3
2239,22_6927,hpa,2
2240,22_6978,billwerder,10
2241,22_6978,auslegung,9
2242,22_6978,lapro,6
2243,22_6978,fnp,6
2244,22_6978,dezember,5
2245,22_6978,kfs,5
2246,22_6978,arbeitskreis,4
2247,22_6978,bsw,4
2248,22_6978,bebauungsplan,4
2249,22_6978,september,4
2250,22_6978,stellungnahmen,4
2251,22_6978,gemäß,4
2252,22_6978,bergedorf,4
2253,22_6978,stadtentwicklung,4
2254,22_6978,gremien,4
2255,22_6978,flächennutzungsplans,4
2256,22_6978,ii,4
2257,22_6978,zeitpunkt,3
2258,22_6978,zustimmung,3
2259,22_6978,plandiskussion,3
2260,22_6988,wandsbek,3
2261,22_6988,pumpwerk,3
2262,22_6988,hundefreilauffläche,3
2263,22_6988,rückbau,3
2264,22_6988,grünanlage,2
2265,22_6988,hw,2
2266,22_6988,abgerissen,2
2267,22_6988,abgeschlossen,2
2268,22_6988,angaben,2
2269,22_6988,ankauf,2
2270,22_6988,gemacht,2
2271,22_6988,ende,2
2272,22_6988,bearbeitung,2
2273,22_6988,einleitung,2
2274,22_6988,integration,2
2275,22_6988,befindet,2
2276,22_6988,geplant,2
2277,22_6988,maßnahme,1
2278,22_6988,vorbereitende,1
2279,22_6988,appelhoffweiher,1
2280,22_6989,haspa,12
2281,22_6989,peb,11
2282,22_6989,vergabevermerk,10
2283,22_6989,bietergemeinschaft,9
2284,22_6989,procom,9
2285,22_6989,falls,6
2286,22_6989,verfahren,6
2287,22_6989,projektgesellschaft,6
2288,22_6989,bieter,6
2289,22_6989,gmbh,5
2290,22_6989,co,5
2291,22_6989,kg,5
2292,22_6989,zuschlag,4
2293,22_6989,altona,4
2294,22_6989,übrigen,4
2295,22_6989,angebote,4
2296,22_6989,angebot,4
2297,22_6989,verfahrens,4
2298,22_6989,zusammenhang,3
2299,22_6989,bestätigen,3
2300,22_6994,geflüchtete,26
2301,22_6994,personen,19
2302,22_6994,unterbringungsbedarf,14
2303,22_6994,insgesamt,10
2304,22_6994,asylantrag,9
2305,22_6994,erstaufnahme,9
2306,22_6994,belegung,8
2307,22_6994,ankunftszentrum,8
2308,22_6994,differenzieren,7
2309,22_6994,gab,7
2310,22_6994,dezember,7
2311,22_6994,schutzstatus,7
2312,22_6994,kamen,7
2313,22_6994,ankommende,6
2314,22_6994,plätze,6
2315,22_6994,blieben,6
2316,22_6994,afghanistan,6
2317,22_6994,erstaufnahmeeinrichtungen,6
2318,22_6994,menschen,6
2319,22_6994,schmiedekoppel,6
2320,22_7041,sozialbehörde,16
2321,22_7041,bukea,13
2322,22_7041,bwi,7
2323,22_7041,termingerecht,5
2324,22_7041,anträge,5
2325,22_7041,bkm,4
2326,22_7041,nutzen,4
2327,22_7041,bvm,4
2328,22_7041,unterstützen,4
2329,22_7041,hamburgs,4
2330,22_7041,kehrwieder,3
2331,22_7041,bericht,3
2332,22_7041,entwicklung,3
2333,22_7041,unterstützung,3
2334,22_7041,bwfgb,3
2335,22_7041,beschlossenen,3
2336,22_7041,ersuchen,3
2337,22_7041,mehr,3
2338,22_7041,umgesetzt,3
2339,22_7041,sichern,3
2340,22_7043,tiny,22
2341,22_7043,houses,21
2342,22_7043,nachfrage,4
2343,22_7043,möglich,3
2344,22_7043,projekte,3
2345,22_7043,entsprechend,3
2346,22_7043,alternative,3
2347,22_7043,wohnformen,3
2348,22_7043,zuständigen,3
2349,22_7043,aufstellung,3
2350,22_7043,attraktive,3
2351,22_7043,beispiel,2
2352,22_7043,menschen,2
2353,22_7043,kleinen,2
2354,22_7043,bezirk,2
2355,22_7043,kleine,2
2356,22_7043,wären,2
2357,22_7043,ziel,2
2358,22_7043,spezielle,2
2359,22_7043,dauerhafte,2
2360,22_7044,wasserturms,7
2361,22_7044,altona,7
2362,22_7044,zustand,6
2363,22_7044,db,6
2364,22_7044,turms,5
2365,22_7044,wasserturm,4
2366,22_7044,netz,4
2367,22_7044,mitte,4
2368,22_7044,ag,4
2369,22_7044,eigentümerin,3
2370,22_7044,denkmal,3
2371,22_7044,denkmals,3
2372,22_7044,hintergrund,3
2373,22_7044,reparaturarbeiten,3
2374,22_7044,turm,3
2375,22_7044,technischen,3
2376,22_7044,erhalt,3
2377,22_7044,hamburgaltona,3
2378,22_7044,bahn,2
2379,22_7044,ev,2
2380,22_7046,gutachten,9
2381,22_7046,konzeptausarbeitungen,6
2382,22_7046,detailliert,4
2383,22_7046,erläutern,4
2384,22_7046,beauftragt,3
2385,22_7046,fachbehörden,3
2386,22_7046,externen,3
2387,22_7046,vielen,3
2388,22_7046,konkreten,3
2389,22_7046,darstellen,2
2390,22_7046,erstellung,2
2391,22_7046,gesondert,2
2392,22_7046,gründen,2
2393,22_7046,fallenden,2
2394,22_7046,ergebnissen,2
2395,22_7046,mitarbeiter,2
2396,22_7046,fällen,2
2397,22_7046,aufträge,2
2398,22_7046,anbieter,2
2399,22_7046,ziffer,2
2400,22_7060,windkraftanlagen,22
2401,22_7060,windenergieanlagen,17
2402,22_7060,eignungsgebiete,13
2403,22_7060,wka,10
2404,22_7060,leistung,8
2405,22_7060,weitere,7
2406,22_7060,geprüft,7
2407,22_7060,energien,6
2408,22_7060,außenbereich,6
2409,22_7060,windenergie,6
2410,22_7060,befinden,6
2411,22_7060,stadtstaat,5
2412,22_7060,megawatt,5
2413,22_7060,gewerbe,5
2414,22_7060,übrigen,5
2415,22_7060,zudem,5
2416,22_7060,ausbau,5
2417,22_7060,errichtung,5
2418,22_7060,henw,4
2419,22_7060,flächennutzungsplan,4
2420,22_7066,flurstück,9
2421,22_7066,verwaltungsvermögen,5
2422,22_7066,biotopverbunds,4
2423,22_7066,flurstücks,4
2424,22_7066,grundvermögen,4
2425,22_7066,bezüglich,4
2426,22_7066,überlassung,4
2427,22_7066,verbunden,3
2428,22_7066,aktuell,3
2429,22_7066,bebauungsplans,3
2430,22_7066,allgemeinen,3
2431,22_7066,wandsbek,3
2432,22_7066,darstellung,3
2433,22_7066,anforderungen,3
2434,22_7066,verein,3
2435,22_7066,volksdorf,3
2436,22_7066,laut,3
2437,22_7066,freie,3
2438,22_7066,unmittelbaren,3
2439,22_7066,befindet,3
2440,22_7095,oldenfelder,7
2441,22_7095,bürgerpark,4
2442,22_7095,arbeiten,4
2443,22_7095,au,3
2444,22_7095,bürgerparks,3
2445,22_7095,berner,3
2446,22_7095,sanierung,3
2447,22_7095,anstehende,2
2448,22_7095,bleibt,2
2449,22_7095,inwieweit,2
2450,22_7095,besser,2
2451,22_7095,erhalten,2
2452,22_7095,bürgerverein,2
2453,22_7095,festwiese,2
2454,22_7095,grandwege,2
2455,22_7095,nutzbar,2
2456,22_7095,grünzug,2
2457,22_7095,veranschlagt,2
2458,22_7095,umfasst,1
2459,22_7095,änderungswünsche,1
2460,22_7108,wandsbek,12
2461,22_7108,sportplatzes,9
2462,22_7108,neuen,9
2463,22_7108,neumarkt,8
2464,22_7108,sportanlage,6
2465,22_7108,bezirksversammlung,6
2466,22_7108,lph,5
2467,22_7108,neuerrichtung,5
2468,22_7108,inbetriebnahme,5
2469,22_7108,alten,5
2470,22_7108,sportstättenbau,5
2471,22_7108,auslegung,5
2472,22_7108,erfolgen,4
2473,22_7108,bebauungsplanes,4
2474,22_7108,vorweggenehmigungsreife,4
2475,22_7108,bebauungsplanverfahrens,4
2476,22_7108,planungsausschusses,3
2477,22_7108,zeitliche,3
2478,22_7108,zeitlichen,3
2479,22_7108,aufgeben,3
2480,22_7114,bezirk,19
2481,22_7114,wasser,16
2482,22_7114,liegeplätze,14
2483,22_7114,hausboote,10
2484,22_7114,hamburgmitte,8
2485,22_7114,wasserflächen,7
2486,22_7114,harburg,7
2487,22_7114,eilbekkanal,6
2488,22_7114,bezirken,4
2489,22_7114,konnten,4
2490,22_7114,hamburgnord,4
2491,22_7114,hochwasserbassin,4
2492,22_7114,gab,4
2493,22_7114,damaligen,4
2494,22_7114,genehmigungsverfahren,3
2495,22_7114,eimsbüttel,3
2496,22_7114,ersten,3
2497,22_7114,erschließung,3
2498,22_7114,bsu,3
2499,22_7114,gründen,3
2500,22_7120,rahlaukamp,10
2501,22_7120,steenmoorecke,9
2502,22_7120,tonndorf,4
2503,22_7120,gespräche,3
2504,22_7120,hexenwäldchen,3
2505,22_7120,grundvermögen,3
2506,22_7120,bebauungsplan,2
2507,22_7120,wohnungsbau,2
2508,22_7120,abgeschlossen,2
2509,22_7120,handelt,2
2510,22_7120,stadtteil,2
2511,22_7120,bauzaun,2
2512,22_7120,ecke,2
2513,22_7120,bäume,2
2514,22_7120,bebauung,2
2515,22_7120,wohnbauflächen,2
2516,22_7120,groß,2
2517,22_7120,bauleitplanung,2
2518,22_7120,flurstück,2
2519,22_7120,entfernt,2
2520,22_7150,anteil,5
2521,22_7150,bebauungsplanverfahren,4
2522,22_7150,verfahren,4
2523,22_7150,ausarbeitung,4
2524,22_7150,erfolgen,3
2525,22_7150,wandsbek,3
2526,22_7150,einleitung,3
2527,22_7150,abwägung,3
2528,22_7150,bezirk,3
2529,22_7150,bergedorf,3
2530,22_7150,bebauungsplänen,3
2531,22_7150,planungsämtern,3
2532,22_7150,aufgrund,3
2533,22_7150,bau,3
2534,22_7150,antworten,3
2535,22_7150,prozesse,3
2536,22_7150,planungsbüros,3
2537,22_7150,baurechte,2
2538,22_7150,digitalisierung,2
2539,22_7150,fremdvergabe,2
2540,22_7184,wohnungsbau,11
2541,22_7184,absatz,10
2542,22_7184,frei,8
2543,22_7184,wäre,8
2544,22_7184,artikel,7
2545,22_7184,vertrag,6
2546,22_7184,hamburgs,6
2547,22_7184,geförderten,6
2548,22_7184,grünen,6
2549,22_7184,flächennutzungsplans,6
2550,22_7184,wohnungen,6
2551,22_7184,neuaufstellung,5
2552,22_7184,finanzierten,5
2553,22_7184,wohneinheiten,5
2554,22_7184,wohnraumförderung,5
2555,22_7184,stadtgrün,5
2556,22_7184,wohnraum,5
2557,22_7184,blömeke,4
2558,22_7184,gilt,4
2559,22_7184,möglich,4
2560,22_7211,rhb,19
2561,22_7211,hw,9
2562,22_7211,bezirksämter,6
2563,22_7211,grundinstandsetzung,6
2564,22_7211,unterhaltung,6
2565,22_7211,bezirksämtern,5
2566,22_7211,geprüft,4
2567,22_7211,unterteilt,4
2568,22_7211,ausbaggerung,3
2569,22_7211,rückhaltebecken,3
2570,22_7211,zuständig,3
2571,22_7211,anzugeben,3
2572,22_7211,kleine,2
2573,22_7211,letzten,2
2574,22_7211,angeben,2
2575,22_7211,mittel,2
2576,22_7211,ausgegeben,2
2577,22_7211,jedoch,2
2578,22_7211,angabe,2
2579,22_7211,erfolgt,2
2580,22_7222,flurstück,8
2581,22_7222,verein,7
2582,22_7222,genau,7
2583,22_7222,liegt,4
2584,22_7222,öffentliche,4
2585,22_7222,zuständigen,4
2586,22_7222,befindet,4
2587,22_7222,grundvermögen,4
2588,22_7222,vermietung,4
2589,22_7222,stelle,4
2590,22_7222,allgemeinen,3
2591,22_7222,mietvertrag,3
2592,22_7222,mietverhältnisses,3
2593,22_7222,bebauungsplans,3
2594,22_7222,angrenzenden,3
2595,22_7222,unmittelbar,3
2596,22_7222,statt,3
2597,22_7222,märz,3
2598,22_7222,gartennutzung,3
2599,22_7222,ergebnis,3
2600,22_7240,este,16
2601,22_7240,süderelbe,10
2602,22_7240,storchennestsiel,7
2603,22_7240,bau,7
2604,22_7240,nhn,5
2605,22_7240,schöpfwerkes,5
2606,22_7240,entwässerung,5
2607,22_7240,gebiet,4
2608,22_7240,deichlinie,4
2609,22_7240,sperrtiden,4
2610,22_7240,stade,4
2611,22_7240,entwässert,4
2612,22_7240,buxtehude,4
2613,22_7240,zweiten,4
2614,22_7240,km,3
2615,22_7240,westlich,3
2616,22_7240,neuordnung,3
2617,22_7240,tideelbe,3
2618,22_7240,harburg,3
2619,22_7240,alte,3
2620,22_7254,unterbringungsbedarf,11
2621,22_7254,personen,10
2622,22_7254,geflüchtete,10
2623,22_7254,januar,10
2624,22_7254,standorte,7
2625,22_7254,plätze,6
2626,22_7254,unterbringung,6
2627,22_7254,folgeunterkünften,5
2628,22_7254,geflüchteten,5
2629,22_7254,fw,4
2630,22_7254,ende,4
2631,22_7254,gab,4
2632,22_7254,bislang,4
2633,22_7254,verblieben,4
2634,22_7254,asylantrag,4
2635,22_7254,öffentlichrechtlichen,4
2636,22_7254,zurzeit,3
2637,22_7254,kamen,3
2638,22_7254,situation,3
2639,22_7254,sollen,3
2640,22_7262,steilshoop,7
2641,22_7262,planungen,6
2642,22_7262,geplant,5
2643,22_7262,gespräche,5
2644,22_7262,gewerbetreibenden,5
2645,22_7262,berücksichtigt,4
2646,22_7262,hiw,4
2647,22_7262,eigentum,3
2648,22_7262,bezirksversammlung,3
2649,22_7262,flurstück,3
2650,22_7262,schwarzer,3
2651,22_7262,ha,3
2652,22_7262,sitzung,2
2653,22_7262,gebeten,2
2654,22_7262,errichtung,2
2655,22_7262,bebauungsplanverfahren,2
2656,22_7262,mbh,2
2657,22_7262,hintergrund,2
2658,22_7262,firmen,2
2659,22_7262,wirtschaftsförderungsgesellschaft,2
2660,22_7303,vergabeverfahren,7
2661,22_7303,anwendung,5
2662,22_7303,nachprüfungsverfahren,5
2663,22_7303,vergabekammer,4
2664,22_7303,vergabe,4
2665,22_7303,markterkundung,4
2666,22_7303,bestimmungen,4
2667,22_7303,öffentliche,4
2668,22_7303,fällen,4
2669,22_7303,vergabeverfahrens,4
2670,22_7303,aufträge,4
2671,22_7303,öffentlicher,3
2672,22_7303,vergaben,3
2673,22_7303,übrigen,3
2674,22_7303,vergabeart,3
2675,22_7303,gwb,3
2676,22_7303,ausschreibung,3
2677,22_7303,vergaberechts,3
2678,22_7303,vorbemerkung,2
2679,22_7303,auftraggeber,2
2680,22_7452,frauen,14
2681,22_7452,hamburgischen,11
2682,22_7452,anteil,11
2683,22_7452,la,10
2684,22_7452,verwaltung,8
2685,22_7452,januar,8
2686,22_7452,stichtag,7
2687,22_7452,getrennt,7
2688,22_7452,entwickelt,7
2689,22_7452,führungsfunktion,7
2690,22_7452,pro,6
2691,22_7452,angeben,6
2692,22_7452,führungsfunktionen,6
2693,22_7452,gleichstellung,5
2694,22_7452,anlage,5
2695,22_7452,personalbericht,5
2696,22_7452,hcgk,4
2697,22_7452,letzten,4
2698,22_7452,weiblicher,4
2699,22_7452,polizeivollzugsbeamtinnen,4
2700,22_7491,verbrauch,9
2701,22_7491,anlage,4
2702,22_7491,senken,4
2703,22_7491,anzugeben,4
2704,22_7491,projekt,4
2705,22_7491,dafür,4
2706,22_7491,entstanden,4
2707,22_7491,eingeleitet,4
2708,22_7491,möglich,4
2709,22_7491,vorbemerkung,4
2710,22_7491,bezirksämter,4
2711,22_7491,übrigen,4
2712,22_7491,strom,4
2713,22_7491,gas,4
2714,22_7491,verbraucht,4
2715,22_7491,verbräuche,3
2716,22_7491,öl,3
2717,22_7491,müssen,3
2718,22_7491,dienstgebäude,3
2719,22_7491,einsparungen,3
2720,22_7517,veritaskai,5
2721,22_7517,käufer,4
2722,22_7517,bauverpflichtung,4
2723,22_7517,hotelneubauten,3
2724,22_7517,fristen,3
2725,22_7517,bauantrag,3
2726,22_7517,coronapandemie,2
2727,22_7517,infolge,2
2728,22_7517,investoren,2
2729,22_7517,investor,2
2730,22_7517,absatz,2
2731,22_7517,stand,2
2732,22_7517,kaufverträge,2
2733,22_7517,binnenhafen,2
2734,22_7517,finanzierung,2
2735,22_7517,harburg,2
2736,22_7517,gestellt,2
2737,22_7517,harburger,2
2738,22_7517,hotelprojekt,2
2739,22_7517,verkauft,2
2740,22_7523,st,65
2741,22_7523,pauli,46
2742,22_7523,wohnungen,32
2743,22_7523,möglich,21
2744,22_7523,süd,21
2745,22_7523,saga,19
2746,22_7523,karoviertel,19
2747,22_7523,paulinord,17
2748,22_7523,differenzieren,15
2749,22_7523,nord,12
2750,22_7523,stadtteil,12
2751,22_7523,bindung,8
2752,22_7523,fünf,8
2753,22_7523,förderweg,7
2754,22_7523,quelle,7
2755,22_7523,tabelle,6
2756,22_7523,sagawohnungen,6
2757,22_7523,letzten,6
2758,22_7523,frei,6
2759,22_7523,planungen,6
2760,22_7580,volksdorf,4
2761,22_7580,inzwischen,3
2762,22_7580,genau,3
2763,22_7580,plangebiet,3
2764,22_7580,ankaufs,2
2765,22_7580,einzelnen,2
2766,22_7580,stand,2
2767,22_7580,ankauf,2
2768,22_7580,geplanten,2
2769,22_7580,änderungen,2
2770,22_7580,naturschutz,2
2771,22_7580,flurstücke,2
2772,22_7580,landschaftspflege,2
2773,22_7580,übernehmen,1
2774,22_7580,kraft,1
2775,22_7580,naturschutzrechtlichen,1
2776,22_7580,flurstück,1
2777,22_7580,zugunsten,1
2778,22_7580,kontakte,1
2779,22_7580,angezeigt,1
